zipcode,GEOID20,weather_name,cwa,overlap_cells,area_m2_approx
15717,15717,Westmoreland,PBZ,105,77419397.74741398
15644,15644,Westmoreland,PBZ,78,57511552.612364665
15085,15085,Westmoreland,PBZ,30,22119827.927832562
18618,18618,Wyoming,BGM,28,20645172.732643727
18625,18625,Wyoming,BGM,2,1474655.1951888376
17319,17319,York,CTP,60,44239655.855665125
17356,17356,York,CTP,121,89216639.30892467
17360,17360,York,CTP,84,61935518.19793118
17313,17313,York,CTP,33,24331810.72061582
17345,17345,York,CTP,46,33917069.48934326
17339,17339,York,CTP,94,69308794.17387536
19148,19148,Philadelphia,PHI,16,11797241.5615107
19153,19153,Philadelphia,PHI,30,22119827.927832562
19104,19104,Philadelphia,PHI,13,9585258.768727444
19106,19106,Philadelphia,PHI,4,2949310.390377675
19126,19126,Philadelphia,PHI,5,3686637.9879720937
18235,18235,Carbon,PHI,314,231520865.6446475
18030,18030,Carbon,PHI,2,1474655.1951888376
18211,18211,Carbon,PHI,2,1474655.1951888376
17823,17823,Northumberland,CTP,118,87004656.51614141
17756,17756,Northumberland,CTP,51,37603707.47731536
17832,17832,Northumberland,CTP,1,737327.5975944188
17730,17730,Northumberland,CTP,1,737327.5975944188
19317,19317,Delaware,PHI,35,25806465.915804658
19018,19018,Delaware,PHI,10,7373275.9759441875
19151,19151,Delaware,PHI,2,1474655.1951888376
16872,16872,Southern Centre,CTP,205,151152157.50685585
16875,16875,Southern Centre,CTP,285,210138365.31440935
16865,16865,Southern Centre,CTP,69,50875604.2340149
16853,16853,Southern Centre,CTP,1,737327.5975944188
16686,16686,Northern Centre,CTP,15,11059913.963916281
18436,18436,Southern Wayne,BGM,260,191705175.37454888
18466,18466,Southern Wayne,BGM,3,2211982.7927832566
18463,18463,Southern Wayne,BGM,8,5898620.78075535
16417,16417,Southern Erie,CLE,149,109861812.0415684
16401,16401,Southern Erie,CLE,185,136405605.55496746
16421,16421,Southern Erie,CLE,5,3686637.9879720937
16435,16435,Southern Erie,CLE,1,737327.5975944188
17764,17764,Northern Clinton,CTP,570,420276730.6288187
18045,18045,Northampton,PHI,70,51612931.831609316
18072,18072,Northampton,PHI,52,38341035.07490978
18109,18109,Northampton,PHI,3,2211982.7927832566
19330,19330,Western Chester,PHI,105,77419397.74741398
19520,19520,Western Chester,PHI,105,77419397.74741398
17527,17527,Western Chester,PHI,4,2949310.390377675
19457,19457,Western Chester,PHI,1,737327.5975944188
15437,15437,Fayette Ridges,PBZ,225,165898709.45874423
15464,15464,Fayette Ridges,PBZ,162,119447070.81029585
15436,15436,Fayette Ridges,PBZ,9,6635948.378349769
15421,15421,Fayette Ridges,PBZ,1,737327.5975944188
18976,18976,Lower Bucks,PHI,36,26543793.513399076
18901,18901,Lower Bucks,PHI,61,44976983.45325955
18933,18933,Lower Bucks,PHI,3,2211982.7927832566
18913,18913,Lower Bucks,PHI,5,3686637.9879720937
19006,19006,Lower Bucks,PHI,5,3686637.9879720937
19490,19490,Eastern Montgomery,PHI,2,1474655.1951888376
19406,19406,Eastern Montgomery,PHI,47,34654397.08693768
19428,19428,Eastern Montgomery,PHI,27,19907845.135049306
19390,19390,Eastern Chester,PHI,102,75207414.95463072
19373,19373,Eastern Chester,PHI,1,737327.5975944188
15961,15961,Higher Elevations of Indiana,PBZ,32,23594483.1230214
15761,15761,Higher Elevations of Indiana,PBZ,2,1474655.1951888376
15146,15146,Allegheny,PBZ,68,50138276.63642048
15217,15217,Allegheny,PBZ,13,9585258.768727444
15202,15202,Allegheny,PBZ,17,12534569.15910512
15025,15025,Allegheny,PBZ,61,44976983.45325955
15024,15024,Allegheny,PBZ,62,45714311.05085397
15065,15065,Allegheny,PBZ,43,31705086.696560007
15122,15122,Allegheny,PBZ,45,33179741.891748846
15017,15017,Allegheny,PBZ,40,29493103.90377675
15051,15051,Allegheny,PBZ,2,1474655.1951888376
15243,15243,Allegheny,PBZ,10,7373275.9759441875
15228,15228,Allegheny,PBZ,13,9585258.768727444
15085,15085,Allegheny,PBZ,1,737327.5975944188
16240,16240,Armstrong,PBZ,66,48663621.44123164
16242,16242,Armstrong,PBZ,161,118709743.21270142
16249,16249,Armstrong,PBZ,92,67834138.97868653
16055,16055,Armstrong,PBZ,14,10322586.366321864
15686,15686,Armstrong,PBZ,41,30230431.50137117
16245,16245,Armstrong,PBZ,5,3686637.9879720937
15043,15043,Beaver,PBZ,115,84792673.72335815
15554,15554,Bedford,CTP,124,91428622.10170794
15533,15533,Bedford,CTP,102,75207414.95463072
16672,16672,Bedford,CTP,15,11059913.963916281
15963,15963,Bedford,CTP,1,737327.5975944188
16691,16691,Bedford,CTP,1,737327.5975944188
19529,19529,Berks,PHI,125,92165949.69930235
19533,19533,Berks,PHI,60,44239655.855665125
19610,19610,Berks,PHI,26,19170517.53745489
19565,19565,Berks,PHI,66,48663621.44123164
19554,19554,Berks,PHI,2,1474655.1951888376
18062,18062,Berks,PHI,21,15483879.549482794
19602,19602,Berks,PHI,8,5898620.78075535
18092,18092,Berks,PHI,5,3686637.9879720937
18041,18041,Berks,PHI,1,737327.5975944188
16636,16636,Blair,CTP,5,3686637.9879720937
16631,16631,Blair,CTP,2,1474655.1951888376
16665,16665,Blair,CTP,2,1474655.1951888376
18848,18848,Bradford,BGM,384,283133797.47625685
18837,18837,Bradford,BGM,299,220460951.6807312
18616,18616,Bradford,BGM,30,22119827.927832562
17768,17768,Bradford,BGM,1,737327.5975944188
18077,18077,Upper Bucks,PHI,41,30230431.50137117
18902,18902,Upper Bucks,PHI,45,33179741.891748846
18955,18955,Upper Bucks,PHI,8,5898620.78075535
18921,18921,Upper Bucks,PHI,2,1474655.1951888376
18970,18970,Upper Bucks,PHI,1,737327.5975944188
16002,16002,Butler,PBZ,256,188755864.9841712
16053,16053,Butler,PBZ,75,55299569.81958141
16041,16041,Butler,PBZ,62,45714311.05085397
16050,16050,Butler,PBZ,70,51612931.831609316
16022,16022,Butler,PBZ,3,2211982.7927832566
15938,15938,Cambria,CTP,80,58986207.8075535
15906,15906,Cambria,CTP,97,71520776.96665862
16630,16630,Cambria,CTP,18,13271896.756699538
15905,15905,Cambria,CTP,86,63410173.39312001
16680,16680,Cambria,CTP,1,737327.5975944188
15952,15952,Cambria,CTP,12,8847931.171133026
15930,15930,Cambria,CTP,1,737327.5975944188
16373,16373,Clarion,PBZ,79,58248880.20995908
16235,16235,Clarion,PBZ,102,75207414.95463072
16353,16353,Clarion,PBZ,51,37603707.47731536
16334,16334,Clarion,PBZ,25,18433189.93986047
16230,16230,Clarion,PBZ,2,1474655.1951888376
16651,16651,Clearfield,CTP,136,100276553.27284096
16861,16861,Clearfield,CTP,51,37603707.47731536
16847,16847,Clearfield,CTP,4,2949310.390377675
16646,16646,Clearfield,CTP,2,1474655.1951888376
16620,16620,Clearfield,CTP,2,1474655.1951888376
18603,18603,Columbia,CTP,108,79631380.54019722
16424,16424,Crawford,CLE,290,213825003.30238146
16125,16125,Crawford,CLE,7,5161293.183160932
16110,16110,Crawford,CLE,21,15483879.549482794
16328,16328,Crawford,CLE,2,1474655.1951888376
17013,17013,Cumberland,CTP,141,103963191.26081306
17043,17043,Cumberland,CTP,9,6635948.378349769
17093,17093,Cumberland,CTP,2,1474655.1951888376
17048,17048,Dauphin,CTP,120,88479311.71133025
17057,17057,Dauphin,CTP,136,100276553.27284096
17110,17110,Dauphin,CTP,66,48663621.44123164
17098,17098,Dauphin,CTP,33,24331810.72061582
17030,17030,Dauphin,CTP,11,8110603.573538607
15870,15870,Elk,CTP,381,280921814.6834736
15823,15823,Elk,CTP,105,77419397.74741398
15832,15832,Elk,CTP,43,31705086.696560007
15841,15841,Elk,CTP,1,737327.5975944188
15831,15831,Elk,CTP,1,737327.5975944188
15465,15465,Fayette,PBZ,2,1474655.1951888376
15417,15417,Fayette,PBZ,36,26543793.513399076
15456,15456,Fayette,PBZ,20,14746551.951888375
15447,15447,Fayette,PBZ,11,8110603.573538607
15454,15454,Fayette,PBZ,6,4423965.585566513
15467,15467,Fayette,PBZ,4,2949310.390377675
15463,15463,Fayette,PBZ,2,1474655.1951888376
15422,15422,Fayette,PBZ,1,737327.5975944188
16351,16351,Forest,PBZ,45,33179741.891748846
16341,16341,Forest,PBZ,81,59723535.405147925
17202,17202,Franklin,CTP,417,307465608.19687265
17268,17268,Franklin,CTP,281,207189054.92403167
17214,17214,Franklin,CTP,13,9585258.768727444
17221,17221,Franklin,CTP,43,31705086.696560007
17229,17229,Fulton,CTP,92,67834138.97868653
17233,17233,Fulton,CTP,283,208663710.11922053
15359,15359,Greene,PBZ,1,737327.5975944188
17264,17264,Huntingdon,CTP,186,137142933.1525619
17253,17253,Huntingdon,CTP,1,737327.5975944188
16657,16657,Huntingdon,CTP,179,131981639.96940096
16693,16693,Huntingdon,CTP,1,737327.5975944188
15701,15701,Indiana,PBZ,355,261751297.14601868
15777,15777,Indiana,PBZ,3,2211982.7927832566
16211,16211,Indiana,PBZ,4,2949310.390377675
15860,15860,Jefferson,PBZ,240,176958623.4226605
15824,15824,Jefferson,PBZ,215,158525433.48280004
15864,15864,Jefferson,PBZ,75,55299569.81958141
15770,15770,Jefferson,PBZ,18,13271896.756699538
15840,15840,Jefferson,PBZ,60,44239655.855665125
15823,15823,Jefferson,PBZ,19,14009224.354293957
15776,15776,Jefferson,PBZ,10,7373275.9759441875
15733,15733,Jefferson,PBZ,1,737327.5975944188
17059,17059,Juniata,CTP,279,205714399.72884285
18518,18518,Lackawanna,BGM,14,10322586.366321864
17536,17536,Lancaster,CTP,78,57511552.612364665
17584,17584,Lancaster,CTP,51,37603707.47731536
17540,17540,Lancaster,CTP,76,56036897.41717583
16057,16057,Lawrence,PBZ,41,30230431.50137117
16141,16141,Lawrence,PBZ,53,39078362.672504194
16160,16160,Lawrence,PBZ,3,2211982.7927832566
17087,17087,Lebanon,CTP,14,10322586.366321864
17026,17026,Lebanon,CTP,76,56036897.41717583
17039,17039,Lebanon,CTP,1,737327.5975944188
17041,17041,Lebanon,CTP,2,1474655.1951888376
18092,18092,Lehigh,PHI,49,36129052.28212652
19529,19529,Lehigh,PHI,66,48663621.44123164
18062,18062,Lehigh,PHI,50,36866379.87972094
18017,18017,Lehigh,PHI,4,2949310.390377675
18101,18101,Lehigh,PHI,1,737327.5975944188
18224,18224,Luzerne,BGM,52,38341035.07490978
18246,18246,Luzerne,BGM,8,5898620.78075535
18444,18444,Luzerne,BGM,1,737327.5975944188
16729,16729,McKean,CTP,54,39815690.27009861
16732,16732,McKean,CTP,21,15483879.549482794
16130,16130,Mercer,PBZ,106,78156725.34500839
16110,16110,Mercer,PBZ,7,5161293.183160932
17841,17841,Mifflin,CTP,137,101013880.87043537
18331,18331,Monroe,PHI,10,7373275.9759441875
18210,18210,Monroe,PHI,9,6635948.378349769
18330,18330,Monroe,PHI,49,36129052.28212652
18324,18324,Monroe,PHI,1,737327.5975944188
18073,18073,Western Montgomery,PHI,56,41290345.465287454
19464,19464,Western Montgomery,PHI,90,66359483.78349769
19504,19504,Western Montgomery,PHI,24,17695862.342266053
17772,17772,Montour,CTP,56,41290345.465287454
17024,17024,Perry,CTP,113,83318018.52816932
18336,18336,Pike,BGM,41,30230431.50137117
18464,18464,Pike,BGM,43,31705086.696560007
16720,16720,Potter,CTP,784,578064836.5140244
16922,16922,Potter,CTP,508,374562419.5779647
16748,16748,Potter,CTP,288,212350348.1071926
16746,16746,Potter,CTP,139,102488536.0656242
17929,17929,Schuylkill,CTP,6,4423965.585566513
18250,18250,Schuylkill,CTP,12,8847931.171133026
17957,17957,Schuylkill,CTP,2,1474655.1951888376
18240,18240,Schuylkill,CTP,12,8847931.171133026
17983,17983,Schuylkill,CTP,9,6635948.378349769
18242,18242,Schuylkill,CTP,1,737327.5975944188
17086,17086,Snyder,CTP,82,60460863.00274234
17063,17063,Snyder,CTP,18,13271896.756699538
17844,17844,Snyder,CTP,2,1474655.1951888376
15501,15501,Somerset,CTP,443,326636125.73432755
15541,15541,Somerset,CTP,129,95115260.08968003
15935,15935,Somerset,CTP,87,64147500.99071444
18619,18619,Sullivan,CTP,68,50138276.63642048
18847,18847,Susquehanna,BGM,358,263963279.9388019
18818,18818,Susquehanna,BGM,143,105437846.4560019
18826,18826,Susquehanna,BGM,160,117972415.615107
16928,16928,Tioga,CTP,129,95115260.08968003
16917,16917,Tioga,CTP,179,131981639.96940096
16940,16940,Tioga,CTP,1,737327.5975944188
16323,16323,Venango,PBZ,355,261751297.14601868
16373,16373,Venango,PBZ,181,133456295.1645898
16436,16436,Warren,CTP,165,121659053.6030791
15301,15301,Washington,PBZ,433,319262849.75838333
15063,15063,Washington,PBZ,60,44239655.855665125
15012,15012,Washington,PBZ,1,737327.5975944188
15347,15347,Washington,PBZ,2,1474655.1951888376
15378,15378,Washington,PBZ,1,737327.5975944188
15087,15087,Westmoreland,PBZ,5,3686637.9879720937
15611,15611,Westmoreland,PBZ,2,1474655.1951888376
15693,15693,Westmoreland,PBZ,3,2211982.7927832566
15661,15661,Westmoreland,PBZ,2,1474655.1951888376
15676,15676,Westmoreland,PBZ,3,2211982.7927832566
15062,15062,Westmoreland,PBZ,11,8110603.573538607
15626,15626,Westmoreland,PBZ,14,10322586.366321864
15668,15668,Westmoreland,PBZ,79,58248880.20995908
15690,15690,Westmoreland,PBZ,8,5898620.78075535
18636,18636,Wyoming,BGM,118,87004656.51614141
17302,17302,York,CTP,141,103963191.26081306
17402,17402,York,CTP,62,45714311.05085397
17316,17316,York,CTP,59,43502328.25807071
17371,17371,York,CTP,1,737327.5975944188
17342,17342,York,CTP,1,737327.5975944188
19119,19119,Philadelphia,PHI,11,8110603.573538607
19131,19131,Philadelphia,PHI,17,12534569.15910512
19111,19111,Philadelphia,PHI,18,13271896.756699538
19128,19128,Philadelphia,PHI,23,16958534.74467163
19122,19122,Philadelphia,PHI,5,3686637.9879720937
19135,19135,Philadelphia,PHI,11,8110603.573538607
19152,19152,Philadelphia,PHI,11,8110603.573538607
19020,19020,Philadelphia,PHI,1,737327.5975944188
19142,19142,Philadelphia,PHI,5,3686637.9879720937
18624,18624,Carbon,PHI,66,48663621.44123164
17777,17777,Northumberland,CTP,127,93640604.89449118
17830,17830,Northumberland,CTP,117,86267328.918547
17881,17881,Northumberland,CTP,10,7373275.9759441875
17840,17840,Northumberland,CTP,6,4423965.585566513
17868,17868,Northumberland,CTP,1,737327.5975944188
19041,19041,Delaware,PHI,8,5898620.78075535
19061,19061,Delaware,PHI,26,19170517.53745489
19153,19153,Delaware,PHI,13,9585258.768727444
19013,19013,Delaware,PHI,23,16958534.74467163
19033,19033,Delaware,PHI,4,2949310.390377675
19076,19076,Delaware,PHI,2,1474655.1951888376
19312,19312,Delaware,PHI,2,1474655.1951888376
16822,16822,Southern Centre,CTP,4,2949310.390377675
16666,16666,Northern Centre,CTP,8,5898620.78075535
17814,17814,Southern Lycoming,CTP,9,6635948.378349769
17810,17810,Southern Lycoming,CTP,142,104700518.85840747
17754,17754,Northern Lycoming,CTP,46,33917069.48934326
18431,18431,Southern Wayne,BGM,229,168848019.8491219
18428,18428,Southern Wayne,BGM,135,99539225.67524654
18444,18444,Southern Wayne,BGM,52,38341035.07490978
18437,18437,Northern Wayne,BGM,40,29493103.90377675
18465,18465,Northern Wayne,BGM,26,19170517.53745489
18469,18469,Northern Wayne,BGM,36,26543793.513399076
18472,18472,Northern Wayne,BGM,45,33179741.891748846
18456,18456,Northern Wayne,BGM,7,5161293.183160932
16407,16407,Southern Erie,CLE,281,207189054.92403167
16504,16504,Southern Erie,CLE,2,1474655.1951888376
17751,17751,Southern Clinton,CTP,266,196129140.9601154
17745,17745,Southern Clinton,CTP,151,111336467.23675723
16822,16822,Southern Clinton,CTP,39,28755776.306182332
17721,17721,Southern Clinton,CTP,4,2949310.390377675
18014,18014,Northampton,PHI,117,86267328.918547
18077,18077,Northampton,PHI,3,2211982.7927832566
18085,18085,Northampton,PHI,1,737327.5975944188
19460,19460,Western Chester,PHI,99,72995432.16184746
19369,19369,Western Chester,PHI,1,737327.5975944188
15490,15490,Fayette Ridges,PBZ,32,23594483.1230214
15944,15944,Westmoreland Ridges,PBZ,149,109861812.0415684
15779,15779,Westmoreland Ridges,PBZ,16,11797241.5615107
15610,15610,Westmoreland Ridges,PBZ,94,69308794.17387536
18912,18912,Lower Bucks,PHI,4,2949310.390377675
19035,19035,Eastern Montgomery,PHI,17,12534569.15910512
19001,19001,Eastern Montgomery,PHI,12,8847931.171133026
19446,19446,Eastern Montgomery,PHI,55,40553017.86769304
19031,19031,Eastern Montgomery,PHI,11,8110603.573538607
18914,18914,Eastern Montgomery,PHI,2,1474655.1951888376
19066,19066,Eastern Montgomery,PHI,3,2211982.7927832566
19382,19382,Eastern Chester,PHI,164,120921726.00548469
19352,19352,Eastern Chester,PHI,39,28755776.306182332
19355,19355,Eastern Chester,PHI,103,75944742.55222514
19363,19363,Eastern Chester,PHI,31,22857155.525426984
15765,15765,Higher Elevations of Indiana,PBZ,140,103225863.66321863
15745,15745,Higher Elevations of Indiana,PBZ,6,4423965.585566513
17320,17320,Adams,CTP,205,151152157.50685585
17222,17222,Adams,CTP,71,52350259.429203734
17301,17301,Adams,CTP,26,19170517.53745489
17019,17019,Adams,CTP,3,2211982.7927832566
15068,15068,Allegheny,PBZ,34,25069138.31821024
15005,15005,Allegheny,PBZ,16,11797241.5615107
15089,15089,Allegheny,PBZ,1,737327.5975944188
15209,15209,Allegheny,PBZ,18,13271896.756699538
15203,15203,Allegheny,PBZ,6,4423965.585566513
15046,15046,Allegheny,PBZ,7,5161293.183160932
15007,15007,Allegheny,PBZ,2,1474655.1951888376
15226,15226,Allegheny,PBZ,8,5898620.78075535
15215,15215,Allegheny,PBZ,22,16221207.147077214
15019,15019,Allegheny,PBZ,1,737327.5975944188
15140,15140,Allegheny,PBZ,3,2211982.7927832566
15083,15083,Allegheny,PBZ,3,2211982.7927832566
15031,15031,Allegheny,PBZ,1,737327.5975944188
15028,15028,Allegheny,PBZ,2,1474655.1951888376
16226,16226,Armstrong,PBZ,210,154838795.49482796
16263,16263,Armstrong,PBZ,13,9585258.768727444
15673,15673,Armstrong,PBZ,2,1474655.1951888376
15143,15143,Beaver,PBZ,13,9585258.768727444
15522,15522,Bedford,CTP,664,489585524.8026941
16679,16679,Bedford,CTP,81,59723535.405147925
16662,16662,Bedford,CTP,31,22857155.525426984
16695,16695,Bedford,CTP,47,34654397.08693768
19608,19608,Berks,PHI,97,71520776.96665862
19540,19540,Berks,PHI,110,81106035.73538607
19607,19607,Berks,PHI,40,29493103.90377675
19507,19507,Berks,PHI,139,102488536.0656242
19518,19518,Berks,PHI,130,95852587.68727444
19510,19510,Berks,PHI,19,14009224.354293957
16625,16625,Blair,CTP,64,47188966.2460428
16602,16602,Blair,CTP,49,36129052.28212652
16637,16637,Blair,CTP,69,50875604.2340149
18851,18851,Bradford,BGM,94,69308794.17387536
16914,16914,Bradford,BGM,252,185806554.59379354
18830,18830,Bradford,BGM,3,2211982.7927832566
18960,18960,Upper Bucks,PHI,67,49400949.038826056
18964,18964,Upper Bucks,PHI,4,2949310.390377675
18041,18041,Upper Bucks,PHI,2,1474655.1951888376
16040,16040,Butler,PBZ,68,50138276.63642048
16033,16033,Butler,PBZ,106,78156725.34500839
16035,16035,Butler,PBZ,3,2211982.7927832566
16127,16127,Butler,PBZ,1,737327.5975944188
16668,16668,Cambria,CTP,200,147465519.51888376
15931,15931,Cambria,CTP,284,209401037.71681494
15904,15904,Cambria,CTP,105,77419397.74741398
15946,15946,Cambria,CTP,123,90691294.50411351
15901,15901,Cambria,CTP,6,4423965.585566513
15922,15922,Cambria,CTP,1,737327.5975944188
15834,15834,Cameron,CTP,706,520553283.90165967
16319,16319,Clarion,PBZ,31,22857155.525426984
16332,16332,Clarion,PBZ,14,10322586.366321864
16839,16839,Clearfield,CTP,4,2949310.390377675
15856,15856,Clearfield,CTP,144,106175174.0535963
16830,16830,Clearfield,CTP,461,339908022.49102706
16833,16833,Clearfield,CTP,243,179170606.21544376
16666,16666,Clearfield,CTP,72,53087587.02679815
15724,15724,Clearfield,CTP,43,31705086.696560007
15742,15742,Clearfield,CTP,7,5161293.183160932
16879,16879,Clearfield,CTP,6,4423965.585566513
17846,17846,Columbia,CTP,155,114285777.62713492
17878,17878,Columbia,CTP,57,42027673.06288187
17888,17888,Columbia,CTP,29,21382500.330238145
16433,16433,Crawford,CLE,196,144516209.1285061
16111,16111,Crawford,CLE,90,66359483.78349769
16314,16314,Crawford,CLE,258,190230520.17936006
17055,17055,Cumberland,CTP,120,88479311.71133025
17027,17027,Cumberland,CTP,3,2211982.7927832566
17266,17266,Cumberland,CTP,4,2949310.390377675
17081,17081,Cumberland,CTP,2,1474655.1951888376
17053,17053,Cumberland,CTP,1,737327.5975944188
17111,17111,Dauphin,CTP,63,46451638.648448385
17120,17120,Dauphin,CTP,1,737327.5975944188
15461,15461,Fayette,PBZ,40,29493103.90377675
15431,15431,Fayette,PBZ,59,43502328.25807071
15486,15486,Fayette,PBZ,78,57511552.612364665
15482,15482,Fayette,PBZ,4,2949310.390377675
15458,15458,Fayette,PBZ,50,36866379.87972094
15631,15631,Fayette,PBZ,2,1474655.1951888376
15489,15489,Fayette,PBZ,4,2949310.390377675
16322,16322,Forest,PBZ,9,6635948.378349769
16313,16313,Forest,PBZ,1,737327.5975944188
17236,17236,Franklin,CTP,432,318525522.1607889
17201,17201,Franklin,CTP,69,50875604.2340149
17271,17271,Franklin,CTP,41,30230431.50137117
17217,17217,Franklin,CTP,15,11059913.963916281
17237,17237,Franklin,CTP,8,5898620.78075535
15341,15341,Greene,PBZ,186,137142933.1525619
15370,15370,Greene,PBZ,532,392258281.9202308
15329,15329,Greene,PBZ,43,31705086.696560007
16678,16678,Huntingdon,CTP,77,56774225.01477025
16647,16647,Huntingdon,CTP,110,81106035.73538607
16638,16638,Huntingdon,CTP,3,2211982.7927832566
15746,15746,Indiana,PBZ,8,5898620.78075535
15774,15774,Indiana,PBZ,86,63410173.39312001
15723,15723,Indiana,PBZ,3,2211982.7927832566
15716,15716,Indiana,PBZ,1,737327.5975944188
15767,15767,Jefferson,PBZ,463,341382677.6862159
15829,15829,Jefferson,PBZ,79,58248880.20995908
16222,16222,Jefferson,PBZ,18,13271896.756699538
15801,15801,Jefferson,PBZ,3,2211982.7927832566
17243,17243,Juniata,CTP,56,41290345.465287454
17021,17021,Juniata,CTP,150,110599139.63916282
17853,17853,Juniata,CTP,27,19907845.135049306
18403,18403,Lackawanna,BGM,66,48663621.44123164
18509,18509,Lackawanna,BGM,11,8110603.573538607
17501,17501,Lancaster,CTP,5,3686637.9879720937
19543,19543,Lancaster,CTP,22,16221207.147077214
19310,19310,Lancaster,CTP,3,2211982.7927832566
16156,16156,Lawrence,PBZ,140,103225863.66321863
16105,16105,Lawrence,PBZ,94,69308794.17387536
16037,16037,Lawrence,PBZ,10,7373275.9759441875
18106,18106,Lehigh,PHI,28,20645172.732643727
18052,18052,Lehigh,PHI,48,35391724.684532106
18069,18069,Lehigh,PHI,49,36129052.28212652
18087,18087,Lehigh,PHI,3,2211982.7927832566
17878,17878,Luzerne,BGM,22,16221207.147077214
18705,18705,Luzerne,BGM,18,13271896.756699538
18640,18640,Luzerne,BGM,101,74470087.3570363
18655,18655,Luzerne,BGM,231,170322675.04431075
18617,18617,Luzerne,BGM,20,14746551.951888375
17815,17815,Luzerne,BGM,11,8110603.573538607
18219,18219,Luzerne,BGM,3,2211982.7927832566
18256,18256,Luzerne,BGM,1,737327.5975944188
18347,18347,Luzerne,BGM,1,737327.5975944188
16738,16738,McKean,CTP,244,179907933.8130382
16137,16137,Mercer,PBZ,375,276497849.09790707
16314,16314,Mercer,PBZ,35,25806465.915804658
16154,16154,Mercer,PBZ,100,73732759.75944188
16362,16362,Mercer,PBZ,11,8110603.573538607
17060,17060,Mifflin,CTP,3,2211982.7927832566
18302,18302,Monroe,PHI,217,160000088.6779889
18332,18332,Monroe,PHI,51,37603707.47731536
18321,18321,Monroe,PHI,9,6635948.378349769
18426,18426,Monroe,PHI,1,737327.5975944188
18349,18349,Monroe,PHI,3,2211982.7927832566
18013,18013,Monroe,PHI,1,737327.5975944188
18076,18076,Western Montgomery,PHI,5,3686637.9879720937
19474,19474,Western Montgomery,PHI,1,737327.5975944188
17820,17820,Montour,CTP,17,12534569.15910512
17068,17068,Perry,CTP,116,85530001.32095258
17062,17062,Perry,CTP,220,162212071.47077215
18425,18425,Pike,BGM,83,61198190.60033676
18445,18445,Pike,BGM,38,28018448.708587915
16941,16941,Potter,CTP,8,5898620.78075535
16921,16921,Potter,CTP,3,2211982.7927832566
17922,17922,Schuylkill,CTP,111,81843363.33298048
17953,17953,Schuylkill,CTP,32,23594483.1230214
17964,17964,Schuylkill,CTP,72,53087587.02679815
17946,17946,Schuylkill,CTP,8,5898620.78075535
19549,19549,Schuylkill,CTP,2,1474655.1951888376
17944,17944,Schuylkill,CTP,4,2949310.390377675
17870,17870,Snyder,CTP,159,117235088.01751259
17876,17876,Snyder,CTP,6,4423965.585566513
17017,17017,Snyder,CTP,1,737327.5975944188
15538,15538,Somerset,CTP,241,177695951.02025494
15558,15558,Somerset,CTP,123,90691294.50411351
15542,15542,Somerset,CTP,133,98064570.4800577
15924,15924,Somerset,CTP,90,66359483.78349769
15622,15622,Somerset,CTP,43,31705086.696560007
15545,15545,Somerset,CTP,72,53087587.02679815
15953,15953,Somerset,CTP,4,2949310.390377675
15559,15559,Somerset,CTP,1,737327.5975944188
18834,18834,Susquehanna,BGM,230,169585347.4467163
18828,18828,Susquehanna,BGM,26,19170517.53745489
18462,18462,Susquehanna,BGM,17,12534569.15910512
18823,18823,Susquehanna,BGM,2,1474655.1951888376
16914,16914,Tioga,CTP,16,11797241.5615107
16933,16933,Tioga,CTP,349,257327331.56045216
16930,16930,Tioga,CTP,164,120921726.00548469
16950,16950,Tioga,CTP,330,243318107.2061582
16301,16301,Venango,PBZ,334,246267417.5965359
16353,16353,Venango,PBZ,51,37603707.47731536
16364,16364,Venango,PBZ,90,66359483.78349769
16372,16372,Venango,PBZ,4,2949310.390377675
16311,16311,Venango,PBZ,3,2211982.7927832566
15340,15340,Washington,PBZ,51,37603707.47731536
15054,15054,Washington,PBZ,3,2211982.7927832566
15329,15329,Washington,PBZ,109,80368708.13779165
15060,15060,Washington,PBZ,3,2211982.7927832566
15434,15434,Washington,PBZ,1,737327.5975944188
15366,15366,Washington,PBZ,1,737327.5975944188
15617,15617,Westmoreland,PBZ,3,2211982.7927832566
15629,15629,Westmoreland,PBZ,1,737327.5975944188
15637,15637,Westmoreland,PBZ,18,13271896.756699538
15650,15650,Westmoreland,PBZ,177,130506984.77421212
15627,15627,Westmoreland,PBZ,75,55299569.81958141
15672,15672,Westmoreland,PBZ,39,28755776.306182332
15640,15640,Westmoreland,PBZ,1,737327.5975944188
18612,18612,Wyoming,BGM,22,16221207.147077214
18614,18614,Wyoming,BGM,122,89953966.9065191
17322,17322,York,CTP,141,103963191.26081306
17365,17365,York,CTP,73,53824914.62439257
17301,17301,York,CTP,14,10322586.366321864
19130,19130,Philadelphia,PHI,4,2949310.390377675
19103,19103,Philadelphia,PHI,2,1474655.1951888376
18240,18240,Carbon,PHI,76,56036897.41717583
18071,18071,Carbon,PHI,103,75944742.55222514
18610,18610,Carbon,PHI,1,737327.5975944188
17821,17821,Northumberland,CTP,114,84055346.12576374
17851,17851,Northumberland,CTP,52,38341035.07490978
17824,17824,Northumberland,CTP,44,32442414.294154428
19342,19342,Delaware,PHI,70,51612931.831609316
19086,19086,Delaware,PHI,15,11059913.963916281
19078,19078,Delaware,PHI,9,6635948.378349769
19015,19015,Delaware,PHI,10,7373275.9759441875
16801,16801,Southern Centre,CTP,110,81106035.73538607
16828,16828,Southern Centre,CTP,195,143778881.53091165
16844,16844,Southern Centre,CTP,135,99539225.67524654
16827,16827,Southern Centre,CTP,61,44976983.45325955
16864,16864,Northern Centre,CTP,22,16221207.147077214
16874,16874,Northern Centre,CTP,117,86267328.918547
16844,16844,Northern Centre,CTP,82,60460863.00274234
17771,17771,Southern Lycoming,CTP,5,3686637.9879720937
17776,17776,Northern Lycoming,CTP,297,218986296.4855424
17739,17739,Northern Lycoming,CTP,64,47188966.2460428
17728,17728,Northern Lycoming,CTP,77,56774225.01477025
18438,18438,Southern Wayne,BGM,40,29493103.90377675
18472,18472,Southern Wayne,BGM,177,130506984.77421212
18426,18426,Southern Wayne,BGM,2,1474655.1951888376
18460,18460,Southern Wayne,BGM,3,2211982.7927832566
16506,16506,Southern Erie,CLE,21,15483879.549482794
16426,16426,Southern Erie,CLE,101,74470087.3570363
16410,16410,Southern Erie,CLE,72,53087587.02679815
16411,16411,Southern Erie,CLE,2,1474655.1951888376
17745,17745,Northern Clinton,CTP,424,312626901.38003355
18064,18064,Northampton,PHI,133,98064570.4800577
18055,18055,Northampton,PHI,66,48663621.44123164
18088,18088,Northampton,PHI,68,50138276.63642048
18343,18343,Northampton,PHI,76,56036897.41717583
18351,18351,Northampton,PHI,1,737327.5975944188
19335,19335,Western Chester,PHI,99,72995432.16184746
19316,19316,Western Chester,PHI,2,1474655.1951888376
15557,15557,Fayette Ridges,PBZ,4,2949310.390377675
15446,15446,Fayette Ridges,PBZ,1,737327.5975944188
18946,18946,Lower Bucks,PHI,5,3686637.9879720937
18925,18925,Lower Bucks,PHI,34,25069138.31821024
18914,18914,Lower Bucks,PHI,19,14009224.354293957
19403,19403,Eastern Montgomery,PHI,55,40553017.86769304
19072,19072,Eastern Montgomery,PHI,13,9585258.768727444
19004,19004,Eastern Montgomery,PHI,11,8110603.573538607
19085,19085,Eastern Montgomery,PHI,10,7373275.9759441875
19087,19087,Eastern Chester,PHI,26,19170517.53745489
19333,19333,Eastern Chester,PHI,15,11059913.963916281
19460,19460,Eastern Chester,PHI,1,737327.5975944188
15710,15710,Higher Elevations of Indiana,PBZ,6,4423965.585566513
15929,15929,Higher Elevations of Indiana,PBZ,3,2211982.7927832566
17331,17331,Adams,CTP,105,77419397.74741398
17350,17350,Adams,CTP,164,120921726.00548469
15084,15084,Allegheny,PBZ,101,74470087.3570363
15110,15110,Allegheny,PBZ,6,4423965.585566513
15137,15137,Allegheny,PBZ,29,21382500.330238145
15116,15116,Allegheny,PBZ,30,22119827.927832562
15015,15015,Allegheny,PBZ,4,2949310.390377675
15332,15332,Allegheny,PBZ,12,8847931.171133026
15131,15131,Allegheny,PBZ,21,15483879.549482794
15030,15030,Allegheny,PBZ,6,4423965.585566513
15218,15218,Allegheny,PBZ,7,5161293.183160932
15088,15088,Allegheny,PBZ,1,737327.5975944188
15224,15224,Allegheny,PBZ,5,3686637.9879720937
15014,15014,Allegheny,PBZ,2,1474655.1951888376
15690,15690,Armstrong,PBZ,84,61935518.19793118
15613,15613,Armstrong,PBZ,77,56774225.01477025
16259,16259,Armstrong,PBZ,160,117972415.615107
16250,16250,Armstrong,PBZ,15,11059913.963916281
15732,15732,Armstrong,PBZ,11,8110603.573538607
16224,16224,Armstrong,PBZ,4,2949310.390377675
16238,16238,Armstrong,PBZ,1,737327.5975944188
16123,16123,Beaver,PBZ,63,46451638.648448385
15005,15005,Beaver,PBZ,43,31705086.696560007
15066,15066,Beaver,PBZ,77,56774225.01477025
15052,15052,Beaver,PBZ,72,53087587.02679815
16678,16678,Bedford,CTP,96,70783449.36906421
15521,15521,Bedford,CTP,131,96589915.28486887
16667,16667,Bedford,CTP,63,46451638.648448385
15536,15536,Bedford,CTP,1,737327.5975944188
17087,17087,Berks,PHI,30,22119827.927832562
19605,19605,Berks,PHI,64,47188966.2460428
18011,18011,Berks,PHI,48,35391724.684532106
19535,19535,Berks,PHI,3,2211982.7927832566
19536,19536,Berks,PHI,1,737327.5975944188
16686,16686,Blair,CTP,354,261013969.54842424
15938,15938,Blair,CTP,2,1474655.1951888376
16655,16655,Blair,CTP,3,2211982.7927832566
18845,18845,Bradford,BGM,38,28018448.708587915
18951,18951,Upper Bucks,PHI,254,187281209.78898236
18930,18930,Upper Bucks,PHI,69,50875604.2340149
18920,18920,Upper Bucks,PHI,14,10322586.366321864
18950,18950,Upper Bucks,PHI,5,3686637.9879720937
18055,18055,Upper Bucks,PHI,6,4423965.585566513
18969,18969,Upper Bucks,PHI,9,6635948.378349769
16057,16057,Butler,PBZ,269,198341123.75289866
16373,16373,Butler,PBZ,19,14009224.354293957
16034,16034,Butler,PBZ,63,46451638.648448385
16051,16051,Butler,PBZ,92,67834138.97868653
16052,16052,Butler,PBZ,66,48663621.44123164
15044,15044,Butler,PBZ,5,3686637.9879720937
16613,16613,Cambria,CTP,75,55299569.81958141
15722,15722,Cambria,CTP,81,59723535.405147925
16636,16636,Cambria,CTP,93,68571466.57628095
16641,16641,Cambria,CTP,43,31705086.696560007
15957,15957,Cambria,CTP,9,6635948.378349769
15945,15945,Cambria,CTP,1,737327.5975944188
15832,15832,Cameron,CTP,346,255115348.7676689
16217,16217,Clarion,PBZ,6,4423965.585566513
16364,16364,Clarion,PBZ,24,17695862.342266053
16361,16361,Clarion,PBZ,8,5898620.78075535
16260,16260,Clarion,PBZ,27,19907845.135049306
16028,16028,Clarion,PBZ,3,2211982.7927832566
15860,15860,Clarion,PBZ,11,8110603.573538607
16036,16036,Clarion,PBZ,9,6635948.378349769
15801,15801,Clearfield,CTP,241,177695951.02025494
16627,16627,Clearfield,CTP,97,71520776.96665862
15721,15721,Clearfield,CTP,10,7373275.9759441875
16616,16616,Clearfield,CTP,6,4423965.585566513
16859,16859,Clearfield,CTP,1,737327.5975944188
17858,17858,Columbia,CTP,2,1474655.1951888376
16401,16401,Crawford,CLE,10,7373275.9759441875
16317,16317,Crawford,CLE,4,2949310.390377675
17007,17007,Cumberland,CTP,62,45714311.05085397
17065,17065,Cumberland,CTP,53,39078362.672504194
17110,17110,Cumberland,CTP,1,737327.5975944188
15827,15827,Elk,CTP,1,737327.5975944188
15425,15425,Fayette,PBZ,107,78894052.94260281
15492,15492,Fayette,PBZ,2,1474655.1951888376
16353,16353,Forest,PBZ,425,313364228.977628
16370,16370,Forest,PBZ,29,21382500.330238145
17219,17219,Franklin,CTP,47,34654397.08693768
17261,17261,Franklin,CTP,5,3686637.9879720937
17021,17021,Franklin,CTP,11,8110603.573538607
17235,17235,Franklin,CTP,1,737327.5975944188
16691,16691,Fulton,CTP,101,74470087.3570363
17236,17236,Fulton,CTP,20,14746551.951888375
15533,15533,Fulton,CTP,6,4423965.585566513
15364,15364,Greene,PBZ,117,86267328.918547
15337,15337,Greene,PBZ,118,87004656.51614141
15357,15357,Greene,PBZ,34,25069138.31821024
15377,15377,Greene,PBZ,44,32442414.294154428
16634,16634,Huntingdon,CTP,11,8110603.573538607
15771,15771,Indiana,PBZ,111,81843363.33298048
15724,15724,Indiana,PBZ,62,45714311.05085397
15618,15618,Indiana,PBZ,8,5898620.78075535
16240,16240,Jefferson,PBZ,66,48663621.44123164
15711,15711,Jefferson,PBZ,4,2949310.390377675
15865,15865,Jefferson,PBZ,7,5161293.183160932
17086,17086,Juniata,CTP,44,32442414.294154428
17062,17062,Juniata,CTP,69,50875604.2340149
17058,17058,Juniata,CTP,148,109124484.44397399
18436,18436,Lackawanna,BGM,98,72258104.56425305
18508,18508,Lackawanna,BGM,22,16221207.147077214
18519,18519,Lackawanna,BGM,9,6635948.378349769
18452,18452,Lackawanna,BGM,6,4423965.585566513
18510,18510,Lackawanna,BGM,6,4423965.585566513
17552,17552,Lancaster,CTP,120,88479311.71133025
17502,17502,Lancaster,CTP,55,40553017.86769304
17572,17572,Lancaster,CTP,62,45714311.05085397
19501,19501,Lancaster,CTP,5,3686637.9879720937
17560,17560,Lancaster,CTP,55,40553017.86769304
16120,16120,Lawrence,PBZ,104,76682070.14981955
16127,16127,Lawrence,PBZ,5,3686637.9879720937
17046,17046,Lebanon,CTP,136,100276553.27284096
18041,18041,Lehigh,PHI,11,8110603.573538607
18079,18079,Lehigh,PHI,1,737327.5975944188
18222,18222,Luzerne,BGM,125,92165949.69930235
18643,18643,Luzerne,BGM,66,48663621.44123164
18702,18702,Luzerne,BGM,276,203502416.9360596
18634,18634,Luzerne,BGM,51,37603707.47731536
18221,18221,Luzerne,BGM,6,4423965.585566513
18610,18610,Luzerne,BGM,4,2949310.390377675
16731,16731,McKean,CTP,204,150414829.90926144
15870,15870,McKean,CTP,25,18433189.93986047
16134,16134,Mercer,PBZ,76,56036897.41717583
16159,16159,Mercer,PBZ,88,64884828.588308856
16124,16124,Mercer,PBZ,94,69308794.17387536
16342,16342,Mercer,PBZ,9,6635948.378349769
17063,17063,Mifflin,CTP,302,222672934.47351447
17084,17084,Mifflin,CTP,115,84792673.72335815
18301,18301,Monroe,PHI,138,101751208.4680298
18325,18325,Monroe,PHI,109,80368708.13779165
18370,18370,Monroe,PHI,8,5898620.78075535
19525,19525,Western Montgomery,PHI,60,44239655.855665125
19403,19403,Western Montgomery,PHI,26,19170517.53745489
18964,18964,Western Montgomery,PHI,31,22857155.525426984
19435,19435,Western Montgomery,PHI,4,2949310.390377675
17824,17824,Montour,CTP,1,737327.5975944188
17035,17035,Perry,CTP,8,5898620.78075535
17032,17032,Perry,CTP,1,737327.5975944188
18458,18458,Pike,BGM,195,143778881.53091165
18324,18324,Pike,BGM,114,84055346.12576374
17729,17729,Potter,CTP,271,199815778.94808748
17921,17921,Schuylkill,CTP,111,81843363.33298048
18248,18248,Schuylkill,CTP,16,11797241.5615107
17959,17959,Schuylkill,CTP,48,35391724.684532106
17970,17970,Schuylkill,CTP,5,3686637.9879720937
18220,18220,Schuylkill,CTP,4,2949310.390377675
18202,18202,Schuylkill,CTP,11,8110603.573538607
18218,18218,Schuylkill,CTP,8,5898620.78075535
17045,17045,Snyder,CTP,11,8110603.573538607
15565,15565,Somerset,CTP,3,2211982.7927832566
18628,18628,Sullivan,CTP,81,59723535.405147925
18626,18626,Sullivan,CTP,155,114285777.62713492
18816,18816,Susquehanna,BGM,3,2211982.7927832566
18829,18829,Susquehanna,BGM,1,737327.5975944188
16922,16922,Tioga,CTP,1,737327.5975944188
17845,17845,Union,CTP,216,159262761.08039445
17810,17810,Union,CTP,54,39815690.27009861
16038,16038,Venango,PBZ,61,44976983.45325955
16402,16402,Warren,CTP,90,66359483.78349769
16354,16354,Warren,CTP,32,23594483.1230214
15021,15021,Washington,PBZ,323,238156814.02299726
15417,15417,Washington,PBZ,40,29493103.90377675
15067,15067,Washington,PBZ,5,3686637.9879720937
15313,15313,Washington,PBZ,7,5161293.183160932
15419,15419,Washington,PBZ,4,2949310.390377675
15321,15321,Washington,PBZ,6,4423965.585566513
15078,15078,Washington,PBZ,2,1474655.1951888376
15083,15083,Westmoreland,PBZ,11,8110603.573538607
15625,15625,Westmoreland,PBZ,3,2211982.7927832566
15624,15624,Westmoreland,PBZ,1,737327.5975944188
15635,15635,Westmoreland,PBZ,2,1474655.1951888376
15089,15089,Westmoreland,PBZ,65,47926293.84363722
15068,15068,Westmoreland,PBZ,130,95852587.68727444
15679,15679,Westmoreland,PBZ,78,57511552.612364665
16229,16229,Westmoreland,PBZ,7,5161293.183160932
18623,18623,Wyoming,BGM,75,55299569.81958141
17329,17329,York,CTP,60,44239655.855665125
17331,17331,York,CTP,166,122396381.20067352
17070,17070,York,CTP,45,33179741.891748846
17361,17361,York,CTP,7,5161293.183160932
17347,17347,York,CTP,45,33179741.891748846
17317,17317,York,CTP,1,737327.5975944188
19125,19125,Philadelphia,PHI,6,4423965.585566513
19146,19146,Philadelphia,PHI,6,4423965.585566513
19121,19121,Philadelphia,PHI,8,5898620.78075535
19120,19120,Philadelphia,PHI,12,8847931.171133026
19114,19114,Philadelphia,PHI,20,14746551.951888375
19138,19138,Philadelphia,PHI,6,4423965.585566513
19127,19127,Philadelphia,PHI,2,1474655.1951888376
18255,18255,Carbon,PHI,221,162949399.06836656
18661,18661,Carbon,PHI,137,101013880.87043537
18230,18230,Carbon,PHI,8,5898620.78075535
17945,17945,Northumberland,CTP,1,737327.5975944188
17964,17964,Northumberland,CTP,8,5898620.78075535
19081,19081,Delaware,PHI,7,5161293.183160932
19087,19087,Delaware,PHI,18,13271896.756699538
19373,19373,Delaware,PHI,10,7373275.9759441875
19382,19382,Delaware,PHI,4,2949310.390377675
16803,16803,Southern Centre,CTP,80,58986207.8075535
16686,16686,Southern Centre,CTP,20,14746551.951888375
16868,16868,Southern Centre,CTP,5,3686637.9879720937
17747,17747,Southern Centre,CTP,1,737327.5975944188
16845,16845,Northern Centre,CTP,223,164424054.26355538
17740,17740,Southern Lycoming,CTP,163,120184398.40789026
17752,17752,Southern Lycoming,CTP,139,102488536.0656242
17728,17728,Southern Lycoming,CTP,79,58248880.20995908
16930,16930,Northern Lycoming,CTP,56,41290345.465287454
17740,17740,Northern Lycoming,CTP,231,170322675.04431075
17727,17727,Northern Lycoming,CTP,64,47188966.2460428
18619,18619,Northern Lycoming,CTP,17,12534569.15910512
18445,18445,Southern Wayne,BGM,78,57511552.612364665
18473,18473,Southern Wayne,BGM,2,1474655.1951888376
18847,18847,Northern Wayne,BGM,89,65622156.18590327
18443,18443,Northern Wayne,BGM,44,32442414.294154428
18405,18405,Northern Wayne,BGM,53,39078362.672504194
18455,18455,Northern Wayne,BGM,18,13271896.756699538
16412,16412,Southern Erie,CLE,221,162949399.06836656
16475,16475,Southern Erie,CLE,2,1474655.1951888376
16427,16427,Southern Erie,CLE,1,737327.5975944188
16841,16841,Southern Clinton,CTP,5,3686637.9879720937
16822,16822,Northern Clinton,CTP,294,216774313.69275913
17751,17751,Northern Clinton,CTP,230,169585347.4467163
18032,18032,Northampton,PHI,4,2949310.390377675
19344,19344,Western Chester,PHI,112,82580690.93057491
19390,19390,Western Chester,PHI,2,1474655.1951888376
15459,15459,Fayette Ridges,PBZ,118,87004656.51614141
15469,15469,Fayette Ridges,PBZ,116,85530001.32095258
15610,15610,Fayette Ridges,PBZ,45,33179741.891748846
15462,15462,Fayette Ridges,PBZ,5,3686637.9879720937
15650,15650,Westmoreland Ridges,PBZ,83,61198190.60033676
19053,19053,Lower Bucks,PHI,35,25806465.915804658
18980,18980,Lower Bucks,PHI,3,2211982.7927832566
19056,19056,Lower Bucks,PHI,13,9585258.768727444
19040,19040,Lower Bucks,PHI,1,737327.5975944188
19046,19046,Eastern Montgomery,PHI,23,16958534.74467163
19454,19454,Eastern Montgomery,PHI,41,30230431.50137117
19422,19422,Eastern Montgomery,PHI,42,30967759.09896559
19087,19087,Eastern Montgomery,PHI,10,7373275.9759441875
19025,19025,Eastern Montgomery,PHI,10,7373275.9759441875
19009,19009,Eastern Montgomery,PHI,4,2949310.390377675
19462,19462,Eastern Montgomery,PHI,30,22119827.927832562
19096,19096,Eastern Montgomery,PHI,13,9585258.768727444
19095,19095,Eastern Montgomery,PHI,7,5161293.183160932
19350,19350,Eastern Chester,PHI,100,73732759.75944188
19342,19342,Eastern Chester,PHI,1,737327.5975944188
15954,15954,Higher Elevations of Indiana,PBZ,45,33179741.891748846
15944,15944,Higher Elevations of Indiana,PBZ,80,58986207.8075535
15724,15724,Higher Elevations of Indiana,PBZ,23,16958534.74467163
17304,17304,Adams,CTP,86,63410173.39312001
17344,17344,Adams,CTP,4,2949310.390377675
15106,15106,Allegheny,PBZ,33,24331810.72061582
15143,15143,Allegheny,PBZ,117,86267328.918547
15037,15037,Allegheny,PBZ,89,65622156.18590327
15044,15044,Allegheny,PBZ,135,99539225.67524654
15101,15101,Allegheny,PBZ,71,52350259.429203734
15126,15126,Allegheny,PBZ,71,52350259.429203734
15241,15241,Allegheny,PBZ,33,24331810.72061582
15229,15229,Allegheny,PBZ,14,10322586.366321864
15221,15221,Allegheny,PBZ,21,15483879.549482794
15201,15201,Allegheny,PBZ,9,6635948.378349769
15045,15045,Allegheny,PBZ,6,4423965.585566513
15003,15003,Allegheny,PBZ,2,1474655.1951888376
16218,16218,Armstrong,PBZ,95,70046121.77146979
15774,15774,Armstrong,PBZ,106,78156725.34500839
15656,15656,Armstrong,PBZ,48,35391724.684532106
16041,16041,Armstrong,PBZ,40,29493103.90377675
15010,15010,Beaver,PBZ,178,131244312.37180655
15003,15003,Beaver,PBZ,19,14009224.354293957
15535,15535,Bedford,CTP,544,401106213.09136385
15550,15550,Bedford,CTP,187,137880260.7501563
15559,15559,Bedford,CTP,164,120921726.00548469
16650,16650,Bedford,CTP,169,124608363.99345678
19601,19601,Berks,PHI,15,11059913.963916281
19541,19541,Berks,PHI,73,53824914.62439257
17026,17026,Berks,PHI,9,6635948.378349769
18070,18070,Berks,PHI,4,2949310.390377675
19464,19464,Berks,PHI,1,737327.5975944188
19544,19544,Berks,PHI,1,737327.5975944188
19503,19503,Berks,PHI,5,3686637.9879720937
16648,16648,Blair,CTP,215,158525433.48280004
15946,15946,Blair,CTP,35,25806465.915804658
18623,18623,Bradford,BGM,91,67096811.38109211
18850,18850,Bradford,BGM,220,162212071.47077215
18629,18629,Bradford,BGM,1,737327.5975944188
18942,18942,Upper Bucks,PHI,69,50875604.2340149
18081,18081,Upper Bucks,PHI,2,1474655.1951888376
18917,18917,Upper Bucks,PHI,3,2211982.7927832566
18042,18042,Upper Bucks,PHI,1,737327.5975944188
16001,16001,Butler,PBZ,263,193917158.16733214
16059,16059,Butler,PBZ,88,64884828.588308856
16037,16037,Butler,PBZ,104,76682070.14981955
16030,16030,Butler,PBZ,4,2949310.390377675
16640,16640,Cambria,CTP,49,36129052.28212652
15958,15958,Cambria,CTP,67,49400949.038826056
15927,15927,Cambria,CTP,19,14009224.354293957
16248,16248,Clarion,PBZ,202,148940174.7140726
16220,16220,Clarion,PBZ,19,14009224.354293957
16845,16845,Clearfield,CTP,123,90691294.50411351
15866,15866,Clearfield,CTP,4,2949310.390377675
16860,16860,Clearfield,CTP,13,9585258.768727444
18631,18631,Columbia,CTP,7,5161293.183160932
17921,17921,Columbia,CTP,9,6635948.378349769
17774,17774,Columbia,CTP,2,1474655.1951888376
16435,16435,Crawford,CLE,176,129769657.17661771
16412,16412,Crawford,CLE,60,44239655.855665125
16440,16440,Crawford,CLE,36,26543793.513399076
17240,17240,Cumberland,CTP,105,77419397.74741398
17025,17025,Cumberland,CTP,52,38341035.07490978
17050,17050,Cumberland,CTP,127,93640604.89449118
17078,17078,Dauphin,CTP,20,14746551.951888375
17023,17023,Dauphin,CTP,72,53087587.02679815
17028,17028,Dauphin,CTP,46,33917069.48934326
17103,17103,Dauphin,CTP,6,4423965.585566513
17080,17080,Dauphin,CTP,1,737327.5975944188
15868,15868,Elk,CTP,475,350230608.8573489
16734,16734,Elk,CTP,2,1474655.1951888376
15428,15428,Fayette,PBZ,74,54562242.221986994
15012,15012,Fayette,PBZ,18,13271896.756699538
15410,15410,Fayette,PBZ,33,24331810.72061582
15438,15438,Fayette,PBZ,42,30967759.09896559
15474,15474,Fayette,PBZ,30,22119827.927832562
15420,15420,Fayette,PBZ,1,737327.5975944188
15455,15455,Fayette,PBZ,6,4423965.585566513
15472,15472,Fayette,PBZ,1,737327.5975944188
15413,15413,Fayette,PBZ,1,737327.5975944188
15430,15430,Fayette,PBZ,1,737327.5975944188
16347,16347,Forest,PBZ,147,108387156.84637956
16321,16321,Forest,PBZ,2,1474655.1951888376
17222,17222,Franklin,CTP,158,116497760.41991816
17224,17224,Franklin,CTP,129,95115260.08968003
17267,17267,Fulton,CTP,347,255852676.3652633
17238,17238,Fulton,CTP,191,140829571.14053398
17228,17228,Fulton,CTP,117,86267328.918547
17223,17223,Fulton,CTP,53,39078362.672504194
15334,15334,Greene,PBZ,10,7373275.9759441875
15316,15316,Greene,PBZ,17,12534569.15910512
15345,15345,Greene,PBZ,3,2211982.7927832566
16686,16686,Huntingdon,CTP,131,96589915.28486887
17243,17243,Huntingdon,CTP,150,110599139.63916282
17213,17213,Huntingdon,CTP,134,98801898.07765211
17002,17002,Huntingdon,CTP,43,31705086.696560007
16623,16623,Huntingdon,CTP,41,30230431.50137117
17021,17021,Huntingdon,CTP,4,2949310.390377675
15728,15728,Indiana,PBZ,85,62672845.795525596
15747,15747,Indiana,PBZ,114,84055346.12576374
15783,15783,Indiana,PBZ,4,2949310.390377675
15754,15754,Indiana,PBZ,2,1474655.1951888376
16222,16222,Indiana,PBZ,18,13271896.756699538
15851,15851,Jefferson,PBZ,337,248479400.38931912
15825,15825,Jefferson,PBZ,544,401106213.09136385
15828,15828,Jefferson,PBZ,38,28018448.708587915
15784,15784,Jefferson,PBZ,1,737327.5975944188
18512,18512,Lackawanna,BGM,40,29493103.90377675
18503,18503,Lackawanna,BGM,2,1474655.1951888376
17545,17545,Lancaster,CTP,232,171060002.64190516
17532,17532,Lancaster,CTP,81,59723535.405147925
17578,17578,Lancaster,CTP,52,38341035.07490978
17529,17529,Lancaster,CTP,55,40553017.86769304
17527,17527,Lancaster,CTP,74,54562242.221986994
17551,17551,Lancaster,CTP,38,28018448.708587915
17073,17073,Lancaster,CTP,11,8110603.573538607
16132,16132,Lawrence,PBZ,8,5898620.78075535
19551,19551,Lebanon,CTP,16,11797241.5615107
17064,17064,Lebanon,CTP,7,5161293.183160932
18032,18032,Lehigh,PHI,4,2949310.390377675
18621,18621,Luzerne,BGM,160,117972415.615107
18201,18201,Luzerne,BGM,60,44239655.855665125
18642,18642,Luzerne,BGM,18,13271896.756699538
18612,18612,Luzerne,BGM,171,126083019.18864562
18706,18706,Luzerne,BGM,89,65622156.18590327
18202,18202,Luzerne,BGM,109,80368708.13779165
18602,18602,Luzerne,BGM,7,5161293.183160932
18641,18641,Luzerne,BGM,13,9585258.768727444
16750,16750,McKean,CTP,72,53087587.02679815
16333,16333,McKean,CTP,19,14009224.354293957
16114,16114,Mercer,PBZ,40,29493103.90377675
16146,16146,Mercer,PBZ,15,11059913.963916281
16311,16311,Mercer,PBZ,50,36866379.87972094
17004,17004,Mifflin,CTP,177,130506984.77421212
17029,17029,Mifflin,CTP,4,2949310.390377675
18357,18357,Monroe,PHI,17,12534569.15910512
19473,19473,Western Montgomery,PHI,88,64884828.588308856
19446,19446,Western Montgomery,PHI,20,14746551.951888375
19440,19440,Western Montgomery,PHI,31,22857155.525426984
19453,19453,Western Montgomery,PHI,2,1474655.1951888376
18428,18428,Pike,BGM,407,300092332.22092843
18302,18302,Pike,BGM,3,2211982.7927832566
18457,18457,Pike,BGM,2,1474655.1951888376
17981,17981,Schuylkill,CTP,135,99539225.67524654
17960,17960,Schuylkill,CTP,184,135668277.95737305
18237,18237,Schuylkill,CTP,58,42765000.66047629
17948,17948,Schuylkill,CTP,63,46451638.648448385
17954,17954,Schuylkill,CTP,2,1474655.1951888376
17842,17842,Snyder,CTP,276,203502416.9360596
17827,17827,Snyder,CTP,5,3686637.9879720937
15411,15411,Somerset,CTP,72,53087587.02679815
15963,15963,Somerset,CTP,238,175483968.22747168
15540,15540,Somerset,CTP,157,115760432.82232375
15551,15551,Somerset,CTP,85,62672845.795525596
15546,15546,Somerset,CTP,3,2211982.7927832566
15502,15502,Somerset,CTP,18,13271896.756699538
15562,15562,Somerset,CTP,10,7373275.9759441875
15544,15544,Somerset,CTP,2,1474655.1951888376
15564,15564,Somerset,CTP,2,1474655.1951888376
15520,15520,Somerset,CTP,2,1474655.1951888376
18616,18616,Sullivan,CTP,200,147465519.51888376
18833,18833,Sullivan,CTP,29,21382500.330238145
16935,16935,Tioga,CTP,171,126083019.18864562
16942,16942,Tioga,CTP,67,49400949.038826056
16946,16946,Tioga,CTP,232,171060002.64190516
17727,17727,Tioga,CTP,91,67096811.38109211
16911,16911,Tioga,CTP,14,10322586.366321864
16920,16920,Tioga,CTP,34,25069138.31821024
16912,16912,Tioga,CTP,75,55299569.81958141
17856,17856,Union,CTP,171,126083019.18864562
17829,17829,Union,CTP,3,2211982.7927832566
16319,16319,Venango,PBZ,92,67834138.97868653
16232,16232,Venango,PBZ,2,1474655.1951888376
16344,16344,Venango,PBZ,3,2211982.7927832566
16365,16365,Warren,CTP,488,359815867.6260764
16313,16313,Warren,CTP,396,291981728.6473898
16434,16434,Warren,CTP,36,26543793.513399076
16350,16350,Warren,CTP,170,125345691.59105119
15323,15323,Washington,PBZ,251,185069226.99619913
15332,15332,Washington,PBZ,83,61198190.60033676
15314,15314,Washington,PBZ,59,43502328.25807071
15038,15038,Washington,PBZ,2,1474655.1951888376
15361,15361,Washington,PBZ,2,1474655.1951888376
15017,15017,Washington,PBZ,6,4423965.585566513
15619,15619,Westmoreland,PBZ,2,1474655.1951888376
15612,15612,Westmoreland,PBZ,8,5898620.78075535
15623,15623,Westmoreland,PBZ,5,3686637.9879720937
15689,15689,Westmoreland,PBZ,1,737327.5975944188
15615,15615,Westmoreland,PBZ,2,1474655.1951888376
15131,15131,Westmoreland,PBZ,1,737327.5975944188
15065,15065,Westmoreland,PBZ,1,737327.5975944188
15616,15616,Westmoreland,PBZ,5,3686637.9879720937
18630,18630,Wyoming,BGM,79,58248880.20995908
18629,18629,Wyoming,BGM,277,204239744.533654
18844,18844,Wyoming,BGM,1,737327.5975944188
17363,17363,York,CTP,130,95852587.68727444
17321,17321,York,CTP,59,43502328.25807071
17327,17327,York,CTP,167,123133708.79826795
17370,17370,York,CTP,46,33917069.48934326
17404,17404,York,CTP,78,57511552.612364665
17355,17355,York,CTP,4,2949310.390377675
19129,19129,Philadelphia,PHI,7,5161293.183160932
19147,19147,Philadelphia,PHI,6,4423965.585566513
19107,19107,Philadelphia,PHI,2,1474655.1951888376
19133,19133,Philadelphia,PHI,4,2949310.390377675
18250,18250,Carbon,PHI,29,21382500.330238145
17866,17866,Northumberland,CTP,85,62672845.795525596
17834,17834,Northumberland,CTP,20,14746551.951888375
19008,19008,Delaware,PHI,24,17695862.342266053
19073,19073,Delaware,PHI,56,41290345.465287454
19036,19036,Delaware,PHI,7,5161293.183160932
19050,19050,Delaware,PHI,12,8847931.171133026
19096,19096,Delaware,PHI,1,737327.5975944188
19023,19023,Delaware,PHI,7,5161293.183160932
19094,19094,Delaware,PHI,2,1474655.1951888376
16823,16823,Southern Centre,CTP,365,269124573.12196285
16870,16870,Northern Centre,CTP,34,25069138.31821024
16860,16860,Northern Centre,CTP,4,2949310.390377675
16834,16834,Northern Centre,CTP,2,1474655.1951888376
17754,17754,Southern Lycoming,CTP,168,123871036.39586236
17737,17737,Southern Lycoming,CTP,182,134193622.76218422
17720,17720,Southern Lycoming,CTP,13,9585258.768727444
18424,18424,Southern Wayne,BGM,56,41290345.465287454
18461,18461,Northern Wayne,BGM,68,50138276.63642048
18470,18470,Northern Wayne,BGM,41,30230431.50137117
16443,16443,Southern Erie,CLE,27,19907845.135049306
16428,16428,Southern Erie,CLE,156,115023105.22472933
16403,16403,Southern Erie,CLE,22,16221207.147077214
16438,16438,Southern Erie,CLE,241,177695951.02025494
16563,16563,Southern Erie,CLE,1,737327.5975944188
17729,17729,Northern Clinton,CTP,107,78894052.94260281
17740,17740,Northern Clinton,CTP,9,6635948.378349769
17779,17779,Northern Clinton,CTP,4,2949310.390377675
18091,18091,Northampton,PHI,51,37603707.47731536
18038,18038,Northampton,PHI,48,35391724.684532106
18018,18018,Northampton,PHI,8,5898620.78075535
19425,19425,Western Chester,PHI,98,72258104.56425305
19465,19465,Western Chester,PHI,128,94377932.4920856
19363,19363,Western Chester,PHI,144,106175174.0535963
15465,15465,Fayette Ridges,PBZ,1,737327.5975944188
15677,15677,Westmoreland Ridges,PBZ,89,65622156.18590327
15628,15628,Westmoreland Ridges,PBZ,5,3686637.9879720937
15627,15627,Westmoreland Ridges,PBZ,32,23594483.1230214
18974,18974,Lower Bucks,PHI,70,51612931.831609316
19114,19114,Lower Bucks,PHI,1,737327.5975944188
19044,19044,Lower Bucks,PHI,1,737327.5975944188
19034,19034,Eastern Montgomery,PHI,27,19907845.135049306
19040,19040,Eastern Montgomery,PHI,22,16221207.147077214
19401,19401,Eastern Montgomery,PHI,21,15483879.549482794
19044,19044,Eastern Montgomery,PHI,31,22857155.525426984
19075,19075,Eastern Montgomery,PHI,8,5898620.78075535
19150,19150,Eastern Montgomery,PHI,1,737327.5975944188
19348,19348,Eastern Chester,PHI,129,95115260.08968003
19320,19320,Eastern Chester,PHI,61,44976983.45325955
19345,19345,Eastern Chester,PHI,1,737327.5975944188
15728,15728,Higher Elevations of Indiana,PBZ,67,49400949.038826056
15132,15132,Allegheny,PBZ,22,16221207.147077214
15239,15239,Allegheny,PBZ,59,43502328.25807071
15057,15057,Allegheny,PBZ,69,50875604.2340149
15219,15219,Allegheny,PBZ,9,6635948.378349769
15063,15063,Allegheny,PBZ,38,28018448.708587915
15233,15233,Allegheny,PBZ,7,5161293.183160932
15020,15020,Allegheny,PBZ,11,8110603.573538607
15225,15225,Allegheny,PBZ,9,6635948.378349769
15216,15216,Allegheny,PBZ,12,8847931.171133026
15208,15208,Allegheny,PBZ,6,4423965.585566513
15232,15232,Allegheny,PBZ,3,2211982.7927832566
15018,15018,Allegheny,PBZ,3,2211982.7927832566
15139,15139,Allegheny,PBZ,8,5898620.78075535
15035,15035,Allegheny,PBZ,1,737327.5975944188
16201,16201,Armstrong,PBZ,395,291244401.04979545
16210,16210,Armstrong,PBZ,79,58248880.20995908
16229,16229,Armstrong,PBZ,84,61935518.19793118
16222,16222,Armstrong,PBZ,181,133456295.1645898
15736,15736,Armstrong,PBZ,6,4423965.585566513
16212,16212,Armstrong,PBZ,1,737327.5975944188
16248,16248,Armstrong,PBZ,2,1474655.1951888376
15042,15042,Beaver,PBZ,62,45714311.05085397
15009,15009,Beaver,PBZ,84,61935518.19793118
15050,15050,Beaver,PBZ,85,62672845.795525596
15077,15077,Beaver,PBZ,4,2949310.390377675
16673,16673,Bedford,CTP,48,35391724.684532106
16655,16655,Bedford,CTP,111,81843363.33298048
16657,16657,Bedford,CTP,3,2211982.7927832566
19547,19547,Berks,PHI,100,73732759.75944188
19512,19512,Berks,PHI,150,110599139.63916282
19530,19530,Berks,PHI,172,126820346.78624003
19606,19606,Berks,PHI,92,67834138.97868653
19550,19550,Berks,PHI,5,3686637.9879720937
17067,17067,Berks,PHI,47,34654397.08693768
19559,19559,Berks,PHI,2,1474655.1951888376
16693,16693,Blair,CTP,271,199815778.94808748
16635,16635,Blair,CTP,199,146728191.92128935
16617,16617,Blair,CTP,5,3686637.9879720937
16613,16613,Blair,CTP,37,27281121.110993497
18833,18833,Bradford,BGM,301,221935606.87592006
18829,18829,Bradford,BGM,82,60460863.00274234
16925,16925,Bradford,BGM,262,193179830.56973773
18853,18853,Bradford,BGM,375,276497849.09790707
16910,16910,Bradford,BGM,1,737327.5975944188
17765,17765,Bradford,BGM,3,2211982.7927832566
18972,18972,Upper Bucks,PHI,83,61198190.60033676
19440,19440,Upper Bucks,PHI,9,6635948.378349769
16686,16686,Cambria,CTP,1,737327.5975944188
15961,15961,Cambria,CTP,24,17695862.342266053
15909,15909,Cambria,CTP,64,47188966.2460428
15760,15760,Cambria,CTP,4,2949310.390377675
15951,15951,Cambria,CTP,5,3686637.9879720937
16627,16627,Cambria,CTP,15,11059913.963916281
16255,16255,Clarion,PBZ,144,106175174.0535963
15829,15829,Clarion,PBZ,34,25069138.31821024
16240,16240,Clarion,PBZ,51,37603707.47731536
15864,15864,Clarion,PBZ,57,42027673.06288187
16233,16233,Clarion,PBZ,122,89953966.9065191
16331,16331,Clarion,PBZ,7,5161293.183160932
16224,16224,Clarion,PBZ,64,47188966.2460428
16656,16656,Clearfield,CTP,95,70046121.77146979
16858,16858,Clearfield,CTP,187,137880260.7501563
15848,15848,Clearfield,CTP,65,47926293.84363722
16834,16834,Clearfield,CTP,63,46451638.648448385
16692,16692,Clearfield,CTP,69,50875604.2340149
16680,16680,Clearfield,CTP,26,19170517.53745489
16821,16821,Clearfield,CTP,5,3686637.9879720937
16639,16639,Clearfield,CTP,20,14746551.951888375
16837,16837,Clearfield,CTP,4,2949310.390377675
17820,17820,Columbia,CTP,288,212350348.1071926
17814,17814,Columbia,CTP,245,180645261.4106326
17756,17756,Columbia,CTP,9,6635948.378349769
17824,17824,Columbia,CTP,54,39815690.27009861
16403,16403,Crawford,CLE,290,213825003.30238146
17324,17324,Cumberland,CTP,126,92903277.29689677
17070,17070,Cumberland,CTP,7,5161293.183160932
17109,17109,Dauphin,CTP,25,18433189.93986047
17102,17102,Dauphin,CTP,6,4423965.585566513
17097,17097,Dauphin,CTP,4,2949310.390377675
17005,17005,Dauphin,CTP,2,1474655.1951888376
17034,17034,Dauphin,CTP,2,1474655.1951888376
15853,15853,Elk,CTP,493,363502505.6140485
15845,15845,Elk,CTP,137,101013880.87043537
15475,15475,Fayette,PBZ,5,3686637.9879720937
15478,15478,Fayette,PBZ,171,126083019.18864562
15468,15468,Fayette,PBZ,43,31705086.696560007
15466,15466,Fayette,PBZ,1,737327.5975944188
15416,15416,Fayette,PBZ,3,2211982.7927832566
15444,15444,Fayette,PBZ,2,1474655.1951888376
16239,16239,Forest,PBZ,660,486636214.4123164
15828,15828,Forest,PBZ,50,36866379.87972094
17265,17265,Franklin,CTP,106,78156725.34500839
17210,17210,Franklin,CTP,56,41290345.465287454
17251,17251,Franklin,CTP,8,5898620.78075535
17263,17263,Franklin,CTP,1,737327.5975944188
15344,15344,Greene,PBZ,54,39815690.27009861
15349,15349,Greene,PBZ,148,109124484.44397399
15315,15315,Greene,PBZ,3,2211982.7927832566
16621,16621,Huntingdon,CTP,58,42765000.66047629
17229,17229,Huntingdon,CTP,11,8110603.573538607
16674,16674,Huntingdon,CTP,55,40553017.86769304
16865,16865,Huntingdon,CTP,13,9585258.768727444
17051,17051,Huntingdon,CTP,1,737327.5975944188
16256,16256,Indiana,PBZ,134,98801898.07765211
15772,15772,Indiana,PBZ,109,80368708.13779165
15748,15748,Indiana,PBZ,87,64147500.99071444
15756,15756,Indiana,PBZ,5,3686637.9879720937
16246,16246,Indiana,PBZ,1,737327.5975944188
15764,15764,Jefferson,PBZ,6,4423965.585566513
15744,15744,Jefferson,PBZ,4,2949310.390377675
17082,17082,Juniata,CTP,203,149677502.31166703
18507,18507,Lackawanna,BGM,35,25806465.915804658
18504,18504,Lackawanna,BGM,36,26543793.513399076
18446,18446,Lackawanna,BGM,16,11797241.5615107
18505,18505,Lackawanna,BGM,29,21382500.330238145
17565,17565,Lancaster,CTP,57,42027673.06288187
17516,17516,Lancaster,CTP,98,72258104.56425305
17538,17538,Lancaster,CTP,13,9585258.768727444
17563,17563,Lancaster,CTP,128,94377932.4920856
17509,17509,Lancaster,CTP,91,67096811.38109211
17550,17550,Lancaster,CTP,2,1474655.1951888376
17508,17508,Lancaster,CTP,1,737327.5975944188
16117,16117,Lawrence,PBZ,87,64147500.99071444
16051,16051,Lawrence,PBZ,56,41290345.465287454
16123,16123,Lawrence,PBZ,13,9585258.768727444
16155,16155,Lawrence,PBZ,1,737327.5975944188
17038,17038,Lebanon,CTP,238,175483968.22747168
17088,17088,Lebanon,CTP,6,4423965.585566513
17073,17073,Lebanon,CTP,90,66359483.78349769
17545,17545,Lebanon,CTP,14,10322586.366321864
18053,18053,Lehigh,PHI,67,49400949.038826056
18034,18034,Lehigh,PHI,39,28755776.306182332
18102,18102,Lehigh,PHI,13,9585258.768727444
18109,18109,Lehigh,PHI,26,19170517.53745489
18104,18104,Lehigh,PHI,77,56774225.01477025
18059,18059,Lehigh,PHI,6,4423965.585566513
18255,18255,Luzerne,BGM,27,19907845.135049306
18603,18603,Luzerne,BGM,82,60460863.00274234
18636,18636,Luzerne,BGM,15,11059913.963916281
18424,18424,Luzerne,BGM,5,3686637.9879720937
18701,18701,Luzerne,BGM,2,1474655.1951888376
16726,16726,McKean,CTP,113,83318018.52816932
16748,16748,McKean,CTP,86,63410173.39312001
16745,16745,McKean,CTP,46,33917069.48934326
16727,16727,McKean,CTP,14,10322586.366321864
16153,16153,Mercer,PBZ,130,95852587.68727444
16156,16156,Mercer,PBZ,39,28755776.306182332
16113,16113,Mercer,PBZ,2,1474655.1951888376
16057,16057,Mercer,PBZ,4,2949310.390377675
17044,17044,Mifflin,CTP,338,249216727.98691356
17051,17051,Mifflin,CTP,326,240368796.81578052
18334,18334,Monroe,PHI,87,64147500.99071444
18610,18610,Monroe,PHI,109,80368708.13779165
18344,18344,Monroe,PHI,28,20645172.732643727
18424,18424,Monroe,PHI,28,20645172.732643727
18323,18323,Monroe,PHI,6,4423965.585566513
18071,18071,Monroe,PHI,4,2949310.390377675
18072,18072,Monroe,PHI,1,737327.5975944188
17821,17821,Montour,CTP,335,247004745.1941303
17822,17822,Montour,CTP,1,737327.5975944188
17020,17020,Perry,CTP,200,147465519.51888376
17006,17006,Perry,CTP,261,192442502.9721433
17040,17040,Perry,CTP,190,140092243.54293957
17090,17090,Perry,CTP,112,82580690.93057491
18405,18405,Pike,BGM,29,21382500.330238145
18340,18340,Pike,BGM,16,11797241.5615107
18371,18371,Pike,BGM,27,19907845.135049306
16927,16927,Potter,CTP,51,37603707.47731536
16937,16937,Potter,CTP,24,17695862.342266053
18252,18252,Schuylkill,CTP,235,173271985.43468842
17980,17980,Schuylkill,CTP,41,30230431.50137117
17952,17952,Schuylkill,CTP,8,5898620.78075535
17968,17968,Schuylkill,CTP,20,14746551.951888375
17949,17949,Schuylkill,CTP,2,1474655.1951888376
17930,17930,Schuylkill,CTP,10,7373275.9759441875
17889,17889,Snyder,CTP,51,37603707.47731536
15905,15905,Somerset,CTP,62,45714311.05085397
15928,15928,Somerset,CTP,23,16958534.74467163
15560,15560,Somerset,CTP,1,737327.5975944188
18470,18470,Susquehanna,BGM,181,133456295.1645898
18844,18844,Susquehanna,BGM,101,74470087.3570363
18623,18623,Susquehanna,BGM,35,25806465.915804658
18842,18842,Susquehanna,BGM,14,10322586.366321864
16943,16943,Tioga,CTP,51,37603707.47731536
16921,16921,Tioga,CTP,287,211613020.5095982
17765,17765,Tioga,CTP,179,131981639.96940096
16936,16936,Tioga,CTP,137,101013880.87043537
17870,17870,Union,CTP,3,2211982.7927832566
17847,17847,Union,CTP,1,737327.5975944188
16314,16314,Venango,PBZ,26,19170517.53745489
16407,16407,Warren,CTP,96,70783449.36906421
16351,16351,Warren,CTP,277,204239744.533654
15330,15330,Washington,PBZ,157,115760432.82232375
15377,15377,Washington,PBZ,104,76682070.14981955
15358,15358,Washington,PBZ,2,1474655.1951888376
15019,15019,Washington,PBZ,81,59723535.405147925
15322,15322,Washington,PBZ,10,7373275.9759441875
15033,15033,Washington,PBZ,8,5898620.78075535
15026,15026,Washington,PBZ,5,3686637.9879720937
15365,15365,Washington,PBZ,2,1474655.1951888376
15656,15656,Westmoreland,PBZ,65,47926293.84363722
15448,15448,Westmoreland,PBZ,2,1474655.1951888376
15695,15695,Westmoreland,PBZ,2,1474655.1951888376
15641,15641,Westmoreland,PBZ,1,737327.5975944188
15678,15678,Westmoreland,PBZ,3,2211982.7927832566
15620,15620,Westmoreland,PBZ,4,2949310.390377675
15675,15675,Westmoreland,PBZ,3,2211982.7927832566
15639,15639,Westmoreland,PBZ,36,26543793.513399076
15632,15632,Westmoreland,PBZ,106,78156725.34500839
15681,15681,Westmoreland,PBZ,89,65622156.18590327
18657,18657,Wyoming,BGM,417,307465608.19687265
17362,17362,York,CTP,178,131244312.37180655
17314,17314,York,CTP,126,92903277.29689677
17019,17019,York,CTP,207,152626812.7020447
17401,17401,York,CTP,5,3686637.9879720937
17011,17011,York,CTP,4,2949310.390377675
19116,19116,Philadelphia,PHI,17,12534569.15910512
19141,19141,Philadelphia,PHI,6,4423965.585566513
18210,18210,Carbon,PHI,118,87004656.51614141
18201,18201,Carbon,PHI,1,737327.5975944188
18254,18254,Carbon,PHI,6,4423965.585566513
18232,18232,Carbon,PHI,7,5161293.183160932
17772,17772,Northumberland,CTP,23,16958534.74467163
17865,17865,Northumberland,CTP,2,1474655.1951888376
19060,19060,Delaware,PHI,31,22857155.525426984
19074,19074,Delaware,PHI,4,2949310.390377675
19032,19032,Delaware,PHI,4,2949310.390377675
19070,19070,Delaware,PHI,3,2211982.7927832566
16882,16882,Southern Centre,CTP,109,80368708.13779165
16851,16851,Southern Centre,CTP,5,3686637.9879720937
16823,16823,Northern Centre,CTP,68,50138276.63642048
16829,16829,Northern Centre,CTP,163,120184398.40789026
16859,16859,Northern Centre,CTP,103,75944742.55222514
16677,16677,Northern Centre,CTP,11,8110603.573538607
17723,17723,Northern Lycoming,CTP,47,34654397.08693768
18415,18415,Northern Wayne,BGM,122,89953966.9065191
18431,18431,Northern Wayne,BGM,242,178433278.61784935
18462,18462,Northern Wayne,BGM,99,72995432.16184746
18454,18454,Northern Wayne,BGM,15,11059913.963916281
16864,16864,Northern Clinton,CTP,2,1474655.1951888376
18063,18063,Northampton,PHI,2,1474655.1951888376
19320,19320,Western Chester,PHI,231,170322675.04431075
19352,19352,Western Chester,PHI,24,17695862.342266053
19355,19355,Western Chester,PHI,31,22857155.525426984
19543,19543,Western Chester,PHI,2,1474655.1951888376
19372,19372,Western Chester,PHI,2,1474655.1951888376
15425,15425,Fayette Ridges,PBZ,98,72258104.56425305
15478,15478,Fayette Ridges,PBZ,49,36129052.28212652
15456,15456,Fayette Ridges,PBZ,5,3686637.9879720937
15954,15954,Westmoreland Ridges,PBZ,27,19907845.135049306
15501,15501,Westmoreland Ridges,PBZ,23,16958534.74467163
15622,15622,Westmoreland Ridges,PBZ,36,26543793.513399076
15905,15905,Westmoreland Ridges,PBZ,1,737327.5975944188
19047,19047,Lower Bucks,PHI,63,46451638.648448385
19054,19054,Lower Bucks,PHI,15,11059913.963916281
18977,18977,Lower Bucks,PHI,15,11059913.963916281
19030,19030,Lower Bucks,PHI,19,14009224.354293957
18902,18902,Lower Bucks,PHI,52,38341035.07490978
19116,19116,Lower Bucks,PHI,1,737327.5975944188
19405,19405,Eastern Montgomery,PHI,3,2211982.7927832566
19380,19380,Eastern Chester,PHI,107,78894052.94260281
19317,19317,Eastern Chester,PHI,44,32442414.294154428
15957,15957,Higher Elevations of Indiana,PBZ,11,8110603.573538607
17316,17316,Adams,CTP,84,61935518.19793118
17340,17340,Adams,CTP,140,103225863.66321863
17303,17303,Adams,CTP,1,737327.5975944188
15136,15136,Allegheny,PBZ,41,30230431.50137117
15120,15120,Allegheny,PBZ,19,14009224.354293957
15133,15133,Allegheny,PBZ,11,8110603.573538607
15214,15214,Allegheny,PBZ,17,12534569.15910512
15148,15148,Allegheny,PBZ,3,2211982.7927832566
15206,15206,Allegheny,PBZ,17,12534569.15910512
15223,15223,Allegheny,PBZ,6,4423965.585566513
15204,15204,Allegheny,PBZ,6,4423965.585566513
16059,16059,Allegheny,PBZ,2,1474655.1951888376
16223,16223,Armstrong,PBZ,7,5161293.183160932
16115,16115,Beaver,PBZ,140,103225863.66321863
16141,16141,Beaver,PBZ,22,16221207.147077214
15059,15059,Beaver,PBZ,52,38341035.07490978
16037,16037,Beaver,PBZ,5,3686637.9879720937
16136,16136,Beaver,PBZ,2,1474655.1951888376
15545,15545,Bedford,CTP,99,72995432.16184746
16625,16625,Bedford,CTP,49,36129052.28212652
15946,15946,Bedford,CTP,16,11797241.5615107
15539,15539,Bedford,CTP,4,2949310.390377675
19506,19506,Berks,PHI,232,171060002.64190516
19522,19522,Berks,PHI,167,123133708.79826795
19520,19520,Berks,PHI,29,21382500.330238145
19567,19567,Berks,PHI,78,57511552.612364665
19611,19611,Berks,PHI,7,5161293.183160932
19560,19560,Berks,PHI,37,27281121.110993497
19609,19609,Berks,PHI,7,5161293.183160932
19523,19523,Berks,PHI,4,2949310.390377675
19538,19538,Berks,PHI,1,737327.5975944188
19564,19564,Berks,PHI,1,737327.5975944188
18031,18031,Berks,PHI,1,737327.5975944188
16673,16673,Blair,CTP,73,53824914.62439257
16611,16611,Blair,CTP,1,737327.5975944188
16947,16947,Bradford,BGM,336,247742072.7917247
18831,18831,Bradford,BGM,108,79631380.54019722
18840,18840,Bradford,BGM,140,103225863.66321863
18944,18944,Upper Bucks,PHI,167,123133708.79826795
18073,18073,Upper Bucks,PHI,10,7373275.9759441875
18901,18901,Upper Bucks,PHI,16,11797241.5615107
18927,18927,Upper Bucks,PHI,1,737327.5975944188
16025,16025,Butler,PBZ,171,126083019.18864562
16023,16023,Butler,PBZ,92,67834138.97868653
16027,16027,Butler,PBZ,4,2949310.390377675
16045,16045,Butler,PBZ,3,2211982.7927832566
16624,16624,Cambria,CTP,8,5898620.78075535
16639,16639,Cambria,CTP,142,104700518.85840747
15902,15902,Cambria,CTP,32,23594483.1230214
15955,15955,Cambria,CTP,121,89216639.30892467
15960,15960,Cambria,CTP,3,2211982.7927832566
15724,15724,Cambria,CTP,17,12534569.15910512
16675,16675,Cambria,CTP,6,4423965.585566513
16720,16720,Cameron,CTP,98,72258104.56425305
16242,16242,Clarion,PBZ,168,123871036.39586236
16661,16661,Clearfield,CTP,80,58986207.8075535
16878,16878,Clearfield,CTP,101,74470087.3570363
16836,16836,Clearfield,CTP,435,320737504.95357215
16863,16863,Clearfield,CTP,89,65622156.18590327
15849,15849,Clearfield,CTP,267,196866468.5577098
16849,16849,Clearfield,CTP,14,10322586.366321864
16671,16671,Clearfield,CTP,8,5898620.78075535
15824,15824,Clearfield,CTP,14,10322586.366321864
16840,16840,Clearfield,CTP,1,737327.5975944188
17985,17985,Columbia,CTP,53,39078362.672504194
18655,18655,Columbia,CTP,24,17695862.342266053
18635,18635,Columbia,CTP,52,38341035.07490978
16434,16434,Crawford,CLE,179,131981639.96940096
16404,16404,Crawford,CLE,302,222672934.47351447
16407,16407,Crawford,CLE,16,11797241.5615107
17241,17241,Cumberland,CTP,400,294931039.0377675
17032,17032,Dauphin,CTP,402,296405694.23295635
17020,17020,Dauphin,CTP,12,8847931.171133026
17104,17104,Dauphin,CTP,25,18433189.93986047
17017,17017,Dauphin,CTP,38,28018448.708587915
17101,17101,Dauphin,CTP,2,1474655.1951888376
15860,15860,Elk,CTP,207,152626812.7020447
15450,15450,Fayette,PBZ,4,2949310.390377675
17257,17257,Franklin,CTP,154,113548450.0295405
17220,17220,Franklin,CTP,50,36866379.87972094
17254,17254,Franklin,CTP,2,1474655.1951888376
15352,15352,Greene,PBZ,161,118709743.21270142
15320,15320,Greene,PBZ,128,94377932.4920856
15310,15310,Greene,PBZ,67,49400949.038826056
16669,16669,Huntingdon,CTP,369,272073883.51234055
16611,16611,Huntingdon,CTP,156,115023105.22472933
17052,17052,Huntingdon,CTP,142,104700518.85840747
16622,16622,Huntingdon,CTP,23,16958534.74467163
17239,17239,Huntingdon,CTP,39,28755776.306182332
17060,17060,Huntingdon,CTP,69,50875604.2340149
17004,17004,Huntingdon,CTP,1,737327.5975944188
15767,15767,Indiana,PBZ,51,37603707.47731536
15717,15717,Indiana,PBZ,159,117235088.01751259
15765,15765,Indiana,PBZ,7,5161293.183160932
15734,15734,Indiana,PBZ,3,2211982.7927832566
15853,15853,Jefferson,PBZ,31,22857155.525426984
15781,15781,Jefferson,PBZ,4,2949310.390377675
15778,15778,Jefferson,PBZ,3,2211982.7927832566
15772,15772,Jefferson,PBZ,4,2949310.390377675
15863,15863,Jefferson,PBZ,1,737327.5975944188
18433,18433,Lackawanna,BGM,101,74470087.3570363
18424,18424,Lackawanna,BGM,193,142304226.33572283
17602,17602,Lancaster,CTP,91,67096811.38109211
17557,17557,Lancaster,CTP,115,84792673.72335815
17555,17555,Lancaster,CTP,112,82580690.93057491
17562,17562,Lancaster,CTP,56,41290345.465287454
17569,17569,Lancaster,CTP,43,31705086.696560007
17517,17517,Lancaster,CTP,127,93640604.89449118
17554,17554,Lancaster,CTP,10,7373275.9759441875
19540,19540,Lancaster,CTP,13,9585258.768727444
19344,19344,Lancaster,CTP,3,2211982.7927832566
16116,16116,Lawrence,PBZ,88,64884828.588308856
17003,17003,Lebanon,CTP,145,106912501.65119073
17028,17028,Lebanon,CTP,48,35391724.684532106
18080,18080,Lehigh,PHI,106,78156725.34500839
18049,18049,Lehigh,PHI,53,39078362.672504194
18078,18078,Lehigh,PHI,53,39078362.672504194
18015,18015,Lehigh,PHI,30,22119827.927832562
19539,19539,Lehigh,PHI,5,3686637.9879720937
19530,19530,Lehigh,PHI,18,13271896.756699538
18235,18235,Lehigh,PHI,1,737327.5975944188
18660,18660,Luzerne,BGM,166,122396381.20067352
17814,17814,Luzerne,BGM,73,53824914.62439257
18704,18704,Luzerne,BGM,37,27281121.110993497
18615,18615,Luzerne,BGM,4,2949310.390377675
18234,18234,Luzerne,BGM,1,737327.5975944188
16743,16743,McKean,CTP,311,229308882.85186425
16720,16720,McKean,CTP,38,28018448.708587915
16733,16733,McKean,CTP,37,27281121.110993497
16730,16730,McKean,CTP,3,2211982.7927832566
16725,16725,McKean,CTP,3,2211982.7927832566
16145,16145,Mercer,PBZ,169,124608363.99345678
16133,16133,Mercer,PBZ,95,70046121.77146979
17002,17002,Mifflin,CTP,9,6635948.378349769
17009,17009,Mifflin,CTP,6,4423965.585566513
18360,18360,Monroe,PHI,303,223410262.0711089
18372,18372,Monroe,PHI,26,19170517.53745489
18322,18322,Monroe,PHI,25,18433189.93986047
18327,18327,Monroe,PHI,2,1474655.1951888376
18328,18328,Monroe,PHI,1,737327.5975944188
19512,19512,Western Montgomery,PHI,2,1474655.1951888376
19456,19456,Western Montgomery,PHI,1,737327.5975944188
17756,17756,Montour,CTP,12,8847931.171133026
17074,17074,Perry,CTP,233,171797330.23949957
17045,17045,Perry,CTP,90,66359483.78349769
17053,17053,Perry,CTP,103,75944742.55222514
18337,18337,Pike,BGM,252,185806554.59379354
16950,16950,Potter,CTP,68,50138276.63642048
17901,17901,Schuylkill,CTP,278,204977072.1312484
17931,17931,Schuylkill,CTP,18,13271896.756699538
17985,17985,Schuylkill,CTP,74,54562242.221986994
18211,18211,Schuylkill,CTP,69,50875604.2340149
17979,17979,Schuylkill,CTP,1,737327.5975944188
17978,17978,Schuylkill,CTP,8,5898620.78075535
17943,17943,Schuylkill,CTP,1,737327.5975944188
15530,15530,Somerset,CTP,308,227096900.059081
15552,15552,Somerset,CTP,360,265437935.13399076
15936,15936,Somerset,CTP,89,65622156.18590327
15561,15561,Somerset,CTP,1,737327.5975944188
18614,18614,Sullivan,CTP,401,295668366.6353619
17768,17768,Sullivan,CTP,103,75944742.55222514
18632,18632,Sullivan,CTP,24,17695862.342266053
17737,17737,Sullivan,CTP,4,2949310.390377675
18446,18446,Susquehanna,BGM,113,83318018.52816932
18820,18820,Susquehanna,BGM,6,4423965.585566513
18413,18413,Susquehanna,BGM,2,1474655.1951888376
18441,18441,Susquehanna,BGM,11,8110603.573538607
18407,18407,Susquehanna,BGM,10,7373275.9759441875
18843,18843,Susquehanna,BGM,4,2949310.390377675
17844,17844,Union,CTP,370,272811211.1099349
17885,17885,Union,CTP,45,33179741.891748846
16354,16354,Venango,PBZ,216,159262761.08039445
16362,16362,Venango,PBZ,84,61935518.19793118
16127,16127,Venango,PBZ,19,14009224.354293957
16346,16346,Venango,PBZ,56,41290345.465287454
16345,16345,Warren,CTP,330,243318107.2061582
16347,16347,Warren,CTP,202,148940174.7140726
16405,16405,Warren,CTP,61,44976983.45325955
16371,16371,Warren,CTP,112,82580690.93057491
15317,15317,Washington,PBZ,156,115023105.22472933
15311,15311,Washington,PBZ,87,64147500.99071444
15376,15376,Washington,PBZ,134,98801898.07765211
15345,15345,Washington,PBZ,71,52350259.429203734
15333,15333,Washington,PBZ,51,37603707.47731536
15360,15360,Washington,PBZ,98,72258104.56425305
15055,15055,Washington,PBZ,2,1474655.1951888376
15483,15483,Washington,PBZ,1,737327.5975944188
15368,15368,Washington,PBZ,1,737327.5975944188
15671,15671,Westmoreland,PBZ,8,5898620.78075535
15779,15779,Westmoreland,PBZ,10,7373275.9759441875
15684,15684,Westmoreland,PBZ,9,6635948.378349769
15696,15696,Westmoreland,PBZ,1,737327.5975944188
15670,15670,Westmoreland,PBZ,142,104700518.85840747
15479,15479,Westmoreland,PBZ,80,58986207.8075535
15618,15618,Westmoreland,PBZ,31,22857155.525426984
15601,15601,Westmoreland,PBZ,289,213087675.70478705
15688,15688,Westmoreland,PBZ,7,5161293.183160932
17366,17366,York,CTP,40,29493103.90377675
17368,17368,York,CTP,65,47926293.84363722
17055,17055,York,CTP,19,14009224.354293957
17407,17407,York,CTP,7,5161293.183160932
17318,17318,York,CTP,3,2211982.7927832566
19143,19143,Philadelphia,PHI,12,8847931.171133026
19149,19149,Philadelphia,PHI,7,5161293.183160932
19140,19140,Philadelphia,PHI,10,7373275.9759441875
19112,19112,Philadelphia,PHI,10,7373275.9759441875
19118,19118,Philadelphia,PHI,13,9585258.768727444
19151,19151,Philadelphia,PHI,7,5161293.183160932
19139,19139,Philadelphia,PHI,7,5161293.183160932
19154,19154,Philadelphia,PHI,22,16221207.147077214
19134,19134,Philadelphia,PHI,12,8847931.171133026
19132,19132,Philadelphia,PHI,10,7373275.9759441875
19102,19102,Philadelphia,PHI,1,737327.5975944188
18229,18229,Carbon,PHI,193,142304226.33572283
18216,18216,Carbon,PHI,19,14009224.354293957
17801,17801,Northumberland,CTP,254,187281209.78898236
17017,17017,Northumberland,CTP,80,58986207.8075535
17836,17836,Northumberland,CTP,15,11059913.963916281
17749,17749,Northumberland,CTP,2,1474655.1951888376
17850,17850,Northumberland,CTP,3,2211982.7927832566
19063,19063,Delaware,PHI,90,66359483.78349769
19083,19083,Delaware,PHI,19,14009224.354293957
19079,19079,Delaware,PHI,6,4423965.585566513
19010,19010,Delaware,PHI,16,11797241.5615107
19022,19022,Delaware,PHI,6,4423965.585566513
19026,19026,Delaware,PHI,13,9585258.768727444
19113,19113,Delaware,PHI,4,2949310.390377675
19017,19017,Delaware,PHI,1,737327.5975944188
19052,19052,Delaware,PHI,1,737327.5975944188
16877,16877,Southern Centre,CTP,55,40553017.86769304
16826,16826,Southern Centre,CTP,7,5161293.183160932
16820,16820,Southern Centre,CTP,53,39078362.672504194
16854,16854,Southern Centre,CTP,10,7373275.9759441875
16852,16852,Southern Centre,CTP,14,10322586.366321864
17756,17756,Southern Lycoming,CTP,311,229308882.85186425
17702,17702,Southern Lycoming,CTP,216,159262761.08039445
17744,17744,Southern Lycoming,CTP,78,57511552.612364665
17774,17774,Southern Lycoming,CTP,94,69308794.17387536
17762,17762,Southern Lycoming,CTP,3,2211982.7927832566
17745,17745,Northern Lycoming,CTP,226,166636037.05633864
16938,16938,Northern Lycoming,CTP,99,72995432.16184746
17769,17769,Northern Lycoming,CTP,119,87741984.11373584
18456,18456,Southern Wayne,BGM,10,7373275.9759441875
18453,18453,Northern Wayne,BGM,174,128295001.98142888
18417,18417,Northern Wayne,BGM,193,142304226.33572283
16442,16442,Southern Erie,CLE,174,128295001.98142888
16510,16510,Southern Erie,CLE,86,63410173.39312001
17740,17740,Southern Clinton,CTP,75,55299569.81958141
17750,17750,Southern Clinton,CTP,5,3686637.9879720937
17778,17778,Northern Clinton,CTP,256,188755864.9841712
18040,18040,Northampton,PHI,63,46451638.648448385
18017,18017,Northampton,PHI,58,42765000.66047629
18015,18015,Northampton,PHI,54,39815690.27009861
18042,18042,Northampton,PHI,76,56036897.41717583
18035,18035,Northampton,PHI,1,737327.5975944188
19310,19310,Western Chester,PHI,50,36866379.87972094
19362,19362,Western Chester,PHI,64,47188966.2460428
19343,19343,Western Chester,PHI,100,73732759.75944188
15440,15440,Fayette Ridges,PBZ,70,51612931.831609316
15622,15622,Fayette Ridges,PBZ,45,33179741.891748846
15470,15470,Fayette Ridges,PBZ,106,78156725.34500839
15655,15655,Westmoreland Ridges,PBZ,42,30967759.09896559
15923,15923,Westmoreland Ridges,PBZ,91,67096811.38109211
15646,15646,Westmoreland Ridges,PBZ,4,2949310.390377675
19020,19020,Lower Bucks,PHI,64,47188966.2460428
19055,19055,Lower Bucks,PHI,10,7373275.9759441875
19057,19057,Lower Bucks,PHI,17,12534569.15910512
19010,19010,Eastern Montgomery,PHI,15,11059913.963916281
19003,19003,Eastern Montgomery,PHI,2,1474655.1951888376
19090,19090,Eastern Montgomery,PHI,16,11797241.5615107
19444,19444,Eastern Montgomery,PHI,17,12534569.15910512
19006,19006,Eastern Montgomery,PHI,44,32442414.294154428
19312,19312,Eastern Chester,PHI,34,25069138.31821024
19335,19335,Eastern Chester,PHI,61,44976983.45325955
19375,19375,Eastern Chester,PHI,3,2211982.7927832566
15717,15717,Higher Elevations of Indiana,PBZ,79,58248880.20995908
15720,15720,Higher Elevations of Indiana,PBZ,7,5161293.183160932
15701,15701,Higher Elevations of Indiana,PBZ,45,33179741.891748846
17324,17324,Adams,CTP,62,45714311.05085397
17306,17306,Adams,CTP,1,737327.5975944188
15135,15135,Allegheny,PBZ,21,15483879.549482794
15235,15235,Allegheny,PBZ,55,40553017.86769304
15213,15213,Allegheny,PBZ,8,5898620.78075535
15238,15238,Allegheny,PBZ,59,43502328.25807071
15071,15071,Allegheny,PBZ,63,46451638.648448385
15212,15212,Allegheny,PBZ,21,15483879.549482794
15129,15129,Allegheny,PBZ,27,19907845.135049306
15227,15227,Allegheny,PBZ,20,14746551.951888375
15034,15034,Allegheny,PBZ,4,2949310.390377675
15104,15104,Allegheny,PBZ,10,7373275.9759441875
15056,15056,Allegheny,PBZ,4,2949310.390377675
15142,15142,Allegheny,PBZ,6,4423965.585566513
15222,15222,Allegheny,PBZ,3,2211982.7927832566
15618,15618,Armstrong,PBZ,64,47188966.2460428
16262,16262,Armstrong,PBZ,117,86267328.918547
16049,16049,Armstrong,PBZ,35,25806465.915804658
16025,16025,Armstrong,PBZ,21,15483879.549482794
16228,16228,Armstrong,PBZ,1,737327.5975944188
15074,15074,Beaver,PBZ,52,38341035.07490978
16117,16117,Beaver,PBZ,47,34654397.08693768
16120,16120,Beaver,PBZ,13,9585258.768727444
15021,15021,Beaver,PBZ,1,737327.5975944188
15534,15534,Bedford,CTP,186,137142933.1525619
16664,16664,Bedford,CTP,141,103963191.26081306
17211,17211,Bedford,CTP,100,73732759.75944188
16670,16670,Bedford,CTP,2,1474655.1951888376
16694,16694,Bedford,CTP,2,1474655.1951888376
19534,19534,Berks,PHI,84,61935518.19793118
19539,19539,Berks,PHI,72,53087587.02679815
19555,19555,Berks,PHI,56,41290345.465287454
19604,19604,Berks,PHI,9,6635948.378349769
17961,17961,Berks,PHI,1,737327.5975944188
19511,19511,Berks,PHI,1,737327.5975944188
18832,18832,Bradford,BGM,206,151889485.1044503
16926,16926,Bradford,BGM,90,66359483.78349769
18817,18817,Bradford,BGM,3,2211982.7927832566
18846,18846,Bradford,BGM,81,59723535.405147925
18947,18947,Upper Bucks,PHI,87,64147500.99071444
18962,18962,Upper Bucks,PHI,1,737327.5975944188
16020,16020,Butler,PBZ,94,69308794.17387536
16049,16049,Butler,PBZ,135,99539225.67524654
16048,16048,Butler,PBZ,9,6635948.378349769
16029,16029,Butler,PBZ,4,2949310.390377675
15738,15738,Cambria,CTP,8,5898620.78075535
15737,15737,Cambria,CTP,4,2949310.390377675
15753,15753,Cambria,CTP,1,737327.5975944188
15861,15861,Cameron,CTP,222,163686726.66596097
16258,16258,Clarion,PBZ,129,95115260.08968003
16049,16049,Clarion,PBZ,149,109861812.0415684
16054,16054,Clarion,PBZ,6,4423965.585566513
16881,16881,Clearfield,CTP,100,73732759.75944188
15865,15865,Clearfield,CTP,2,1474655.1951888376
15840,15840,Clearfield,CTP,2,1474655.1951888376
16855,16855,Clearfield,CTP,5,3686637.9879720937
16134,16134,Crawford,CLE,106,78156725.34500839
16360,16360,Crawford,CLE,105,77419397.74741398
16316,16316,Crawford,CLE,159,117235088.01751259
16131,16131,Crawford,CLE,84,61935518.19793118
16441,16441,Crawford,CLE,11,8110603.573538607
17015,17015,Cumberland,CTP,392,289032418.2570122
17257,17257,Cumberland,CTP,255,188018537.3865768
17011,17011,Cumberland,CTP,44,32442414.294154428
17036,17036,Dauphin,CTP,99,72995432.16184746
17980,17980,Dauphin,CTP,85,62672845.795525596
17018,17018,Dauphin,CTP,153,112811122.43194607
17061,17061,Dauphin,CTP,110,81106035.73538607
17978,17978,Dauphin,CTP,14,10322586.366321864
15846,15846,Elk,CTP,197,145253536.7261005
15857,15857,Elk,CTP,347,255852676.3652633
15451,15451,Fayette,PBZ,34,25069138.31821024
15445,15445,Fayette,PBZ,24,17695862.342266053
15436,15436,Fayette,PBZ,15,11059913.963916281
15476,15476,Fayette,PBZ,1,737327.5975944188
15338,15338,Fayette,PBZ,1,737327.5975944188
16217,16217,Forest,PBZ,19,14009224.354293957
17240,17240,Franklin,CTP,64,47188966.2460428
17246,17246,Franklin,CTP,8,5898620.78075535
17224,17224,Fulton,CTP,9,6635948.378349769
15322,15322,Greene,PBZ,43,31705086.696560007
15380,15380,Greene,PBZ,130,95852587.68727444
15362,15362,Greene,PBZ,81,59723535.405147925
15351,15351,Greene,PBZ,6,4423965.585566513
15346,15346,Greene,PBZ,3,2211982.7927832566
16694,16694,Huntingdon,CTP,12,8847931.171133026
16679,16679,Huntingdon,CTP,1,737327.5975944188
15681,15681,Indiana,PBZ,104,76682070.14981955
15759,15759,Indiana,PBZ,199,146728191.92128935
15757,15757,Indiana,PBZ,16,11797241.5615107
15741,15741,Indiana,PBZ,4,2949310.390377675
15750,15750,Indiana,PBZ,3,2211982.7927832566
15763,15763,Indiana,PBZ,1,737327.5975944188
17049,17049,Juniata,CTP,139,102488536.0656242
17094,17094,Juniata,CTP,105,77419397.74741398
17045,17045,Juniata,CTP,34,25069138.31821024
18420,18420,Lackawanna,BGM,6,4423965.585566513
18471,18471,Lackawanna,BGM,6,4423965.585566513
18641,18641,Lackawanna,BGM,2,1474655.1951888376
18440,18440,Lackawanna,BGM,1,737327.5975944188
17566,17566,Lancaster,CTP,214,157788105.88520563
17022,17022,Lancaster,CTP,136,100276553.27284096
17518,17518,Lancaster,CTP,63,46451638.648448385
17512,17512,Lancaster,CTP,73,53824914.62439257
17547,17547,Lancaster,CTP,48,35391724.684532106
19363,19363,Lancaster,CTP,7,5161293.183160932
17520,17520,Lancaster,CTP,6,4423965.585566513
17606,17606,Lancaster,CTP,1,737327.5975944188
19551,19551,Lancaster,CTP,1,737327.5975944188
17570,17570,Lancaster,CTP,1,737327.5975944188
16159,16159,Lawrence,PBZ,11,8110603.573538607
16112,16112,Lawrence,PBZ,28,20645172.732643727
16140,16140,Lawrence,PBZ,1,737327.5975944188
17067,17067,Lebanon,CTP,120,88479311.71133025
17078,17078,Lebanon,CTP,87,64147500.99071444
18066,18066,Lehigh,PHI,151,111336467.23675723
18103,18103,Lehigh,PHI,62,45714311.05085397
18011,18011,Lehigh,PHI,14,10322586.366321864
18018,18018,Lehigh,PHI,13,9585258.768727444
18031,18031,Lehigh,PHI,47,34654397.08693768
18065,18065,Lehigh,PHI,1,737327.5975944188
18661,18661,Luzerne,BGM,283,208663710.11922053
18241,18241,Luzerne,BGM,3,2211982.7927832566
18223,18223,Luzerne,BGM,5,3686637.9879720937
18651,18651,Luzerne,BGM,47,34654397.08693768
18237,18237,Luzerne,BGM,1,737327.5975944188
18709,18709,Luzerne,BGM,2,1474655.1951888376
16749,16749,McKean,CTP,635,468203024.4724559
16744,16744,McKean,CTP,18,13271896.756699538
16121,16121,Mercer,PBZ,9,6635948.378349769
16161,16161,Mercer,PBZ,1,737327.5975944188
17099,17099,Mifflin,CTP,5,3686637.9879720937
17054,17054,Mifflin,CTP,2,1474655.1951888376
18335,18335,Monroe,PHI,4,2949310.390377675
18347,18347,Monroe,PHI,180,132718967.56699538
18350,18350,Monroe,PHI,20,14746551.951888375
18969,18969,Western Montgomery,PHI,45,33179741.891748846
18054,18054,Western Montgomery,PHI,49,36129052.28212652
19472,19472,Western Montgomery,PHI,3,2211982.7927832566
17847,17847,Montour,CTP,32,23594483.1230214
17777,17777,Montour,CTP,5,3686637.9879720937
17815,17815,Montour,CTP,2,1474655.1951888376
17037,17037,Perry,CTP,77,56774225.01477025
17021,17021,Perry,CTP,29,21382500.330238145
17017,17017,Perry,CTP,2,1474655.1951888376
17069,17069,Perry,CTP,2,1474655.1951888376
18426,18426,Pike,BGM,200,147465519.51888376
18435,18435,Pike,BGM,43,31705086.696560007
18328,18328,Pike,BGM,399,294193711.4401731
16915,16915,Potter,CTP,834,614931216.3937453
16923,16923,Potter,CTP,265,195391813.362521
16943,16943,Potter,CTP,74,54562242.221986994
17963,17963,Schuylkill,CTP,283,208663710.11922053
18214,18214,Schuylkill,CTP,113,83318018.52816932
17965,17965,Schuylkill,CTP,5,3686637.9879720937
17925,17925,Schuylkill,CTP,2,1474655.1951888376
17841,17841,Snyder,CTP,118,87004656.51614141
17864,17864,Snyder,CTP,74,54562242.221986994
17853,17853,Snyder,CTP,126,92903277.29689677
15557,15557,Somerset,CTP,318,234470176.03502518
15937,15937,Somerset,CTP,6,4423965.585566513
15555,15555,Somerset,CTP,2,1474655.1951888376
15532,15532,Somerset,CTP,2,1474655.1951888376
15547,15547,Somerset,CTP,3,2211982.7927832566
15510,15510,Somerset,CTP,1,737327.5975944188
18465,18465,Susquehanna,BGM,144,106175174.0535963
18824,18824,Susquehanna,BGM,93,68571466.57628095
18830,18830,Susquehanna,BGM,76,56036897.41717583
18430,18430,Susquehanna,BGM,8,5898620.78075535
16947,16947,Tioga,CTP,49,36129052.28212652
17837,17837,Union,CTP,195,143778881.53091165
17889,17889,Union,CTP,35,25806465.915804658
17777,17777,Union,CTP,1,737327.5975944188
17886,17886,Union,CTP,3,2211982.7927832566
16701,16701,Warren,CTP,61,44976983.45325955
16352,16352,Warren,CTP,35,25806465.915804658
16340,16340,Warren,CTP,317,233732848.43743077
16329,16329,Warren,CTP,18,13271896.756699538
15057,15057,Washington,PBZ,126,92903277.29689677
15312,15312,Washington,PBZ,252,185806554.59379354
15427,15427,Washington,PBZ,32,23594483.1230214
15379,15379,Washington,PBZ,2,1474655.1951888376
15331,15331,Washington,PBZ,3,2211982.7927832566
15342,15342,Washington,PBZ,11,8110603.573538607
15429,15429,Washington,PBZ,4,2949310.390377675
15477,15477,Washington,PBZ,1,737327.5975944188
15662,15662,Westmoreland,PBZ,6,4423965.585566513
15697,15697,Westmoreland,PBZ,7,5161293.183160932
15613,15613,Westmoreland,PBZ,127,93640604.89449118
15012,15012,Westmoreland,PBZ,104,76682070.14981955
15610,15610,Westmoreland,PBZ,4,2949310.390377675
18446,18446,Wyoming,BGM,68,50138276.63642048
18615,18615,Wyoming,BGM,56,41290345.465287454
17352,17352,York,CTP,50,36866379.87972094
17403,17403,York,CTP,75,55299569.81958141
17309,17309,York,CTP,83,61198190.60033676
17315,17315,York,CTP,209,154101467.89723352
19124,19124,Philadelphia,PHI,19,14009224.354293957
19115,19115,Philadelphia,PHI,19,14009224.354293957
19136,19136,Philadelphia,PHI,20,14746551.951888375
19145,19145,Philadelphia,PHI,19,14009224.354293957
19137,19137,Philadelphia,PHI,11,8110603.573538607
19144,19144,Philadelphia,PHI,14,10322586.366321864
19123,19123,Philadelphia,PHI,5,3686637.9879720937
19050,19050,Philadelphia,PHI,1,737327.5975944188
19150,19150,Philadelphia,PHI,4,2949310.390377675
18212,18212,Carbon,PHI,3,2211982.7927832566
18237,18237,Carbon,PHI,4,2949310.390377675
17857,17857,Northumberland,CTP,100,73732759.75944188
17847,17847,Northumberland,CTP,134,98801898.07765211
17867,17867,Northumberland,CTP,11,8110603.573538607
19029,19029,Delaware,PHI,13,9585258.768727444
19085,19085,Delaware,PHI,14,10322586.366321864
19003,19003,Delaware,PHI,4,2949310.390377675
19043,19043,Delaware,PHI,1,737327.5975944188
16870,16870,Southern Centre,CTP,219,161474743.8731777
16832,16832,Southern Centre,CTP,75,55299569.81958141
16841,16841,Southern Centre,CTP,272,200553106.54568192
16669,16669,Southern Centre,CTP,1,737327.5975944188
16841,16841,Northern Centre,CTP,148,109124484.44397399
16822,16822,Northern Centre,CTP,13,9585258.768727444
17846,17846,Southern Lycoming,CTP,5,3686637.9879720937
17771,17771,Northern Lycoming,CTP,757,558156991.378975
17765,17765,Northern Lycoming,CTP,133,98064570.4800577
17763,17763,Northern Lycoming,CTP,59,43502328.25807071
17737,17737,Northern Lycoming,CTP,28,20645172.732643727
18405,18405,Southern Wayne,BGM,41,30230431.50137117
18439,18439,Northern Wayne,BGM,102,75207414.95463072
16441,16441,Southern Erie,CLE,368,271336555.9147461
16509,16509,Southern Erie,CLE,127,93640604.89449118
16415,16415,Southern Erie,CLE,45,33179741.891748846
16444,16444,Southern Erie,CLE,1,737327.5975944188
17747,17747,Southern Clinton,CTP,292,215299658.49757028
16871,16871,Northern Clinton,CTP,87,64147500.99071444
17760,17760,Northern Clinton,CTP,271,199815778.94808748
16845,16845,Northern Clinton,CTP,2,1474655.1951888376
18013,18013,Northampton,PHI,229,168848019.8491219
18083,18083,Northampton,PHI,2,1474655.1951888376
19475,19475,Western Chester,PHI,63,46451638.648448385
17555,17555,Western Chester,PHI,2,1474655.1951888376
19367,19367,Western Chester,PHI,1,737327.5975944188
15431,15431,Fayette Ridges,PBZ,151,111336467.23675723
15445,15445,Fayette Ridges,PBZ,51,37603707.47731536
15658,15658,Westmoreland Ridges,PBZ,326,240368796.81578052
15687,15687,Westmoreland Ridges,PBZ,105,77419397.74741398
19067,19067,Lower Bucks,PHI,128,94377932.4920856
19007,19007,Lower Bucks,PHI,30,22119827.927832562
18966,18966,Lower Bucks,PHI,61,44976983.45325955
18954,18954,Lower Bucks,PHI,21,15483879.549482794
18929,18929,Lower Bucks,PHI,26,19170517.53745489
19021,19021,Lower Bucks,PHI,13,9585258.768727444
19454,19454,Lower Bucks,PHI,1,737327.5975944188
19038,19038,Eastern Montgomery,PHI,26,19170517.53745489
19027,19027,Eastern Montgomery,PHI,13,9585258.768727444
19012,19012,Eastern Montgomery,PHI,6,4423965.585566513
19041,19041,Eastern Montgomery,PHI,3,2211982.7927832566
19426,19426,Eastern Montgomery,PHI,15,11059913.963916281
19128,19128,Eastern Montgomery,PHI,1,737327.5975944188
19073,19073,Eastern Chester,PHI,15,11059913.963916281
19330,19330,Eastern Chester,PHI,8,5898620.78075535
15748,15748,Higher Elevations of Indiana,PBZ,166,122396381.20067352
15949,15949,Higher Elevations of Indiana,PBZ,5,3686637.9879720937
15920,15920,Higher Elevations of Indiana,PBZ,30,22119827.927832562
17372,17372,Adams,CTP,119,87741984.11373584
17325,17325,Adams,CTP,449,331060091.319894
17353,17353,Adams,CTP,141,103963191.26081306
17343,17343,Adams,CTP,2,1474655.1951888376
15086,15086,Allegheny,PBZ,6,4423965.585566513
15237,15237,Allegheny,PBZ,87,64147500.99071444
15108,15108,Allegheny,PBZ,135,99539225.67524654
15026,15026,Allegheny,PBZ,30,22119827.927832562
15006,15006,Allegheny,PBZ,1,737327.5975944188
15210,15210,Allegheny,PBZ,16,11797241.5615107
15207,15207,Allegheny,PBZ,21,15483879.549482794
15049,15049,Allegheny,PBZ,4,2949310.390377675
15064,15064,Allegheny,PBZ,1,737327.5975944188
15144,15144,Allegheny,PBZ,7,5161293.183160932
15275,15275,Allegheny,PBZ,2,1474655.1951888376
15211,15211,Allegheny,PBZ,5,3686637.9879720937
15112,15112,Allegheny,PBZ,3,2211982.7927832566
16028,16028,Armstrong,PBZ,52,38341035.07490978
16244,16244,Armstrong,PBZ,7,5161293.183160932
16253,16253,Armstrong,PBZ,2,1474655.1951888376
15682,15682,Armstrong,PBZ,12,8847931.171133026
15001,15001,Beaver,PBZ,209,154101467.89723352
15061,15061,Beaver,PBZ,68,50138276.63642048
15026,15026,Beaver,PBZ,87,64147500.99071444
15027,15027,Beaver,PBZ,6,4423965.585566513
15081,15081,Beaver,PBZ,2,1474655.1951888376
15537,15537,Bedford,CTP,407,300092332.22092843
16659,16659,Bedford,CTP,5,3686637.9879720937
19508,19508,Berks,PHI,143,105437846.4560019
19526,19526,Berks,PHI,202,148940174.7140726
17569,17569,Berks,PHI,15,11059913.963916281
19504,19504,Berks,PHI,61,44976983.45325955
19543,19543,Berks,PHI,50,36866379.87972094
19551,19551,Berks,PHI,73,53824914.62439257
18056,18056,Berks,PHI,4,2949310.390377675
19562,19562,Berks,PHI,4,2949310.390377675
16601,16601,Blair,CTP,295,217511641.29035354
16662,16662,Blair,CTP,159,117235088.01751259
16641,16641,Blair,CTP,2,1474655.1951888376
18854,18854,Bradford,BGM,78,57511552.612364665
18810,18810,Bradford,BGM,163,120184398.40789026
16936,16936,Bradford,BGM,28,20645172.732643727
18614,18614,Bradford,BGM,7,5161293.183160932
18814,18814,Bradford,BGM,4,2949310.390377675
18914,18914,Upper Bucks,PHI,44,32442414.294154428
18054,18054,Upper Bucks,PHI,13,9585258.768727444
18935,18935,Upper Bucks,PHI,2,1474655.1951888376
16061,16061,Butler,PBZ,149,109861812.0415684
16038,16038,Butler,PBZ,97,71520776.96665862
16056,16056,Butler,PBZ,73,53824914.62439257
16055,16055,Butler,PBZ,118,87004656.51614141
16229,16229,Butler,PBZ,9,6635948.378349769
15086,15086,Butler,PBZ,2,1474655.1951888376
16646,16646,Cambria,CTP,62,45714311.05085397
15963,15963,Cambria,CTP,81,59723535.405147925
15943,15943,Cambria,CTP,73,53824914.62439257
15940,15940,Cambria,CTP,90,66359483.78349769
15948,15948,Cambria,CTP,2,1474655.1951888376
16619,16619,Cambria,CTP,2,1474655.1951888376
15773,15773,Cambria,CTP,5,3686637.9879720937
16232,16232,Clarion,PBZ,207,152626812.7020447
16214,16214,Clarion,PBZ,168,123871036.39586236
16254,16254,Clarion,PBZ,164,120921726.00548469
16326,16326,Clarion,PBZ,23,16958534.74467163
16843,16843,Clearfield,CTP,3,2211982.7927832566
15757,15757,Clearfield,CTP,277,204239744.533654
16838,16838,Clearfield,CTP,134,98801898.07765211
15753,15753,Clearfield,CTP,131,96589915.28486887
16645,16645,Clearfield,CTP,7,5161293.183160932
16871,16871,Clearfield,CTP,28,20645172.732643727
15767,15767,Clearfield,CTP,40,29493103.90377675
16876,16876,Clearfield,CTP,3,2211982.7927832566
16825,16825,Clearfield,CTP,2,1474655.1951888376
17815,17815,Columbia,CTP,433,319262849.75838333
17821,17821,Columbia,CTP,25,18433189.93986047
17920,17920,Columbia,CTP,7,5161293.183160932
17945,17945,Columbia,CTP,3,2211982.7927832566
16406,16406,Crawford,CLE,271,199815778.94808748
16354,16354,Crawford,CLE,170,125345691.59105119
16327,16327,Crawford,CLE,204,150414829.90926144
16438,16438,Crawford,CLE,109,80368708.13779165
16422,16422,Crawford,CLE,6,4423965.585566513
17019,17019,Cumberland,CTP,18,13271896.756699538
17112,17112,Dauphin,CTP,246,181382589.00822702
17022,17022,Dauphin,CTP,51,37603707.47731536
15821,15821,Elk,CTP,118,87004656.51614141
15442,15442,Fayette,PBZ,59,43502328.25807071
15433,15433,Fayette,PBZ,54,39815690.27009861
15443,15443,Fayette,PBZ,8,5898620.78075535
15473,15473,Fayette,PBZ,80,58986207.8075535
15484,15484,Fayette,PBZ,4,2949310.390377675
15488,15488,Fayette,PBZ,2,1474655.1951888376
15449,15449,Fayette,PBZ,8,5898620.78075535
16260,16260,Forest,PBZ,18,13271896.756699538
17225,17225,Franklin,CTP,290,213825003.30238146
17262,17262,Franklin,CTP,66,48663621.44123164
15536,15536,Fulton,CTP,116,85530001.32095258
17264,17264,Fulton,CTP,16,11797241.5615107
15338,15338,Greene,PBZ,54,39815690.27009861
15327,15327,Greene,PBZ,74,54562242.221986994
16652,16652,Huntingdon,CTP,623,459355093.30132294
17260,17260,Huntingdon,CTP,129,95115260.08968003
16683,16683,Huntingdon,CTP,66,48663621.44123164
16685,16685,Huntingdon,CTP,41,30230431.50137117
16877,16877,Huntingdon,CTP,41,30230431.50137117
15732,15732,Indiana,PBZ,92,67834138.97868653
15742,15742,Indiana,PBZ,92,67834138.97868653
15725,15725,Indiana,PBZ,103,75944742.55222514
15729,15729,Indiana,PBZ,64,47188966.2460428
15712,15712,Indiana,PBZ,6,4423965.585566513
15713,15713,Indiana,PBZ,4,2949310.390377675
15730,15730,Jefferson,PBZ,14,10322586.366321864
15780,15780,Jefferson,PBZ,5,3686637.9879720937
15715,15715,Jefferson,PBZ,2,1474655.1951888376
17035,17035,Juniata,CTP,114,84055346.12576374
17014,17014,Juniata,CTP,6,4423965.585566513
18444,18444,Lackawanna,BGM,316,232995520.83983633
18411,18411,Lackawanna,BGM,195,143778881.53091165
18407,18407,Lackawanna,BGM,135,99539225.67524654
18447,18447,Lackawanna,BGM,68,50138276.63642048
17543,17543,Lancaster,CTP,234,172534657.837094
17579,17579,Lancaster,CTP,52,38341035.07490978
17603,17603,Lancaster,CTP,106,78156725.34500839
17582,17582,Lancaster,CTP,42,30967759.09896559
17601,17601,Lancaster,CTP,117,86267328.918547
19362,19362,Lancaster,CTP,43,31705086.696560007
17535,17535,Lancaster,CTP,44,32442414.294154428
17534,17534,Lancaster,CTP,1,737327.5975944188
16102,16102,Lawrence,PBZ,86,63410173.39312001
16101,16101,Lawrence,PBZ,239,176221295.8250661
17963,17963,Lebanon,CTP,11,8110603.573538607
18051,18051,Lehigh,PHI,29,21382500.330238145
18951,18951,Lehigh,PHI,1,737327.5975944188
18618,18618,Luzerne,BGM,49,36129052.28212652
18707,18707,Luzerne,BGM,179,131981639.96940096
18635,18635,Luzerne,BGM,78,57511552.612364665
18216,18216,Luzerne,BGM,9,6635948.378349769
18614,18614,Luzerne,BGM,1,737327.5975944188
16701,16701,McKean,CTP,718,529401215.0727927
16150,16150,Mercer,PBZ,90,66359483.78349769
16125,16125,Mercer,PBZ,356,262488624.7436131
16127,16127,Mercer,PBZ,230,169585347.4467163
18466,18466,Monroe,PHI,121,89216639.30892467
18355,18355,Monroe,PHI,38,28018448.708587915
19426,19426,Western Montgomery,PHI,105,77419397.74741398
19468,19468,Western Montgomery,PHI,59,43502328.25807071
19438,19438,Western Montgomery,PHI,79,58248880.20995908
18070,18070,Western Montgomery,PHI,9,6635948.378349769
19460,19460,Western Montgomery,PHI,25,18433189.93986047
18041,18041,Western Montgomery,PHI,27,19907845.135049306
19475,19475,Western Montgomery,PHI,1,737327.5975944188
17047,17047,Perry,CTP,158,116497760.41991816
18325,18325,Pike,BGM,41,30230431.50137117
18451,18451,Pike,BGM,17,12534569.15910512
18436,18436,Pike,BGM,1,737327.5975944188
16743,16743,Potter,CTP,39,28755776.306182332
16948,16948,Potter,CTP,340,250691383.18210238
17976,17976,Schuylkill,CTP,26,19170517.53745489
17967,17967,Schuylkill,CTP,121,89216639.30892467
17936,17936,Schuylkill,CTP,2,1474655.1951888376
17972,17972,Schuylkill,CTP,169,124608363.99345678
17961,17961,Schuylkill,CTP,88,64884828.588308856
17935,17935,Schuylkill,CTP,17,12534569.15910512
17923,17923,Schuylkill,CTP,8,5898620.78075535
18245,18245,Schuylkill,CTP,8,5898620.78075535
17982,17982,Schuylkill,CTP,1,737327.5975944188
17813,17813,Snyder,CTP,129,95115260.08968003
17861,17861,Snyder,CTP,2,1474655.1951888376
17049,17049,Snyder,CTP,1,737327.5975944188
15926,15926,Somerset,CTP,119,87741984.11373584
15534,15534,Somerset,CTP,2,1474655.1951888376
17814,17814,Sullivan,CTP,118,87004656.51614141
17731,17731,Sullivan,CTP,44,32442414.294154428
18801,18801,Susquehanna,BGM,619,456405782.91094524
18821,18821,Susquehanna,BGM,13,9585258.768727444
18822,18822,Susquehanna,BGM,149,109861812.0415684
18630,18630,Susquehanna,BGM,145,106912501.65119073
18825,18825,Susquehanna,BGM,14,10322586.366321864
16932,16932,Tioga,CTP,72,53087587.02679815
16938,16938,Tioga,CTP,266,196129140.9601154
16929,16929,Tioga,CTP,144,106175174.0535963
16939,16939,Tioga,CTP,1,737327.5975944188
17855,17855,Union,CTP,7,5161293.183160932
16342,16342,Venango,PBZ,219,161474743.8731777
16317,16317,Venango,PBZ,100,73732759.75944188
16341,16341,Venango,PBZ,178,131244312.37180655
16153,16153,Venango,PBZ,22,16221207.147077214
16343,16343,Venango,PBZ,19,14009224.354293957
16420,16420,Warren,CTP,171,126083019.18864562
15423,15423,Washington,PBZ,60,44239655.855665125
15022,15022,Washington,PBZ,69,50875604.2340149
15412,15412,Washington,PBZ,5,3686637.9879720937
15432,15432,Washington,PBZ,2,1474655.1951888376
15348,15348,Washington,PBZ,1,737327.5975944188
15004,15004,Washington,PBZ,1,737327.5975944188
15363,15363,Washington,PBZ,1,737327.5975944188
15698,15698,Westmoreland,PBZ,4,2949310.390377675
15633,15633,Westmoreland,PBZ,9,6635948.378349769
15663,15663,Westmoreland,PBZ,4,2949310.390377675
15692,15692,Westmoreland,PBZ,1,737327.5975944188
